match_date,Winners
12/18/2016,HELLRAISERS
12/18/2016,G2
12/18/2016,MOUSESPORTS
12/18/2016,DIGNITAS
12/18/2016,OPTIC
12/17/2016,FAZE
12/17/2016,OPTIC
12/17/2016,CLOUD9
12/17/2016,GODSENT
12/16/2016,FAZE
12/16/2016,GODSENT
12/16/2016,G2
12/16/2016,HELLRAISERS
12/15/2016,GODSENT
12/15/2016,HELLRAISERS
12/15/2016,NIP
12/15/2016,FAZE
12/15/2016,IMMORTALS
12/12/2016,ASTRALIS
12/11/2016,ASTRALIS
12/11/2016,OPTIC
12/11/2016,SK
12/11/2016,OPTIC
12/10/2016,SK
12/10/2016,OPTIC
12/10/2016,ENVY
12/10/2016,ENVY
12/9/2016,DIGNITAS
12/9/2016,ASTRALIS
12/9/2016,FAZE
12/9/2016,ASTRALIS
12/4/2016,IMMORTALS
12/3/2016,OPTIC
12/3/2016,OPTIC
12/2/2016,ASTRALIS
12/1/2016,FAZE
12/1/2016,OPTIC
11/30/2016,ASTRALIS
11/30/2016,SK
11/27/2016,MOUSESPORTS
11/27/2016,NIP
11/27/2016,NIP
11/27/2016,ENVY
11/27/2016,ASTRALIS
11/27/2016,ASTRALIS
11/26/2016,GODSENT
11/26/2016,FAZE
11/26/2016,GAMBIT
11/26/2016,ASTRALIS
11/26/2016,ASTRALIS
11/25/2016,GAMBIT
11/25/2016,MOUSESPORTS
11/25/2016,MOUSESPORTS
11/25/2016,G2
11/25/2016,G2
11/25/2016,NIP
11/25/2016,G2
11/25/2016,CLOUD9
11/25/2016,ASTRALIS
11/25/2016,ASTRALIS
11/24/2016,DIGNITAS
11/24/2016,DIGNITAS
11/24/2016,ASTRALIS
11/24/2016,ASTRALIS
11/24/2016,GAMBIT
11/24/2016,G2
11/24/2016,MOUSESPORTS
11/24/2016,ENVY
11/24/2016,ENVY
11/24/2016,NIP
11/24/2016,FAZE
11/23/2016,FAZE
11/23/2016,FAZE
11/23/2016,VIRTUS.PRO
11/23/2016,ENVY
11/23/2016,ASTRALIS
11/23/2016,ASTRALIS
11/23/2016,G2
11/23/2016,G2
11/22/2016,VIRTUS.PRO
11/22/2016,GODSENT
11/21/2016,NIP
11/20/2016,NIP
11/20/2016,SK
11/19/2016,NIP
11/19/2016,SK
11/19/2016,OPTIC
11/19/2016,OPTIC
11/19/2016,DIGNITAS
11/19/2016,DIGNITAS
11/18/2016,CLOUD9
11/18/2016,SK
11/18/2016,FAZE
11/18/2016,FAZE
11/18/2016,CLOUD9
11/17/2016,NIP
11/17/2016,SK
11/17/2016,HEROIC
11/17/2016,FAZE
11/17/2016,NIP
11/17/2016,SK
11/17/2016,FAZE
11/17/2016,NIP
11/17/2016,HEROIC
11/17/2016,FAZE
11/17/2016,G2
11/17/2016,IMMORTALS
11/17/2016,ASTRALIS
11/17/2016,ASTRALIS
11/16/2016,LIQUID
11/16/2016,NATUS VINCERE
11/16/2016,IMMORTALS
11/16/2016,ASTRALIS
11/16/2016,G2
11/16/2016,ASTRALIS
11/16/2016,IMMORTALS
11/16/2016,NATUS VINCERE
11/16/2016,G2
11/16/2016,IMMORTALS
11/16/2016,LIQUID
11/14/2016,GODSENT
11/14/2016,GODSENT
11/14/2016,OPTIC
11/14/2016,IMMORTALS
11/13/2016,CLOUD9
11/13/2016,CLOUD9
11/13/2016,VIRTUS.PRO
11/13/2016,VIRTUS.PRO
11/12/2016,CLOUD9
11/12/2016,SK
11/12/2016,IMMORTALS
11/12/2016,G2
11/12/2016,CLOUD9
11/12/2016,ASTRALIS
11/11/2016,SK
11/11/2016,G2
11/11/2016,ENVY
11/10/2016,ENVY
11/10/2016,DIGNITAS
11/10/2016,DIGNITAS
11/10/2016,GODSENT
11/10/2016,MOUSESPORTS
11/10/2016,FAZE
11/10/2016,MOUSESPORTS
11/9/2016,G2
11/9/2016,VIRTUS.PRO
11/9/2016,NIP
11/9/2016,NIP
11/9/2016,NIP
11/8/2016,FNATIC
11/8/2016,FNATIC
11/7/2016,FNATIC
11/7/2016,FNATIC
11/7/2016,FAZE
11/7/2016,ASTRALIS
11/6/2016,SK
11/6/2016,SK
11/6/2016,SK
11/6/2016,OPTIC
11/6/2016,FAZE
11/6/2016,ENVY
11/6/2016,DIGNITAS
11/6/2016,DIGNITAS
11/5/2016,NIP
11/5/2016,VIRTUS.PRO
11/4/2016,NIP
11/4/2016,HELLRAISERS
11/3/2016,ASTRALIS
11/3/2016,ASTRALIS
11/2/2016,ENVY
11/2/2016,ENVY
11/2/2016,OPTIC
11/1/2016,LIQUID
10/30/2016,CLOUD9
10/30/2016,CLOUD9
10/30/2016,SK
10/30/2016,TYLOO
10/29/2016,CLOUD9
10/29/2016,NIP
10/29/2016,VG.CYBERZEN
10/29/2016,CLOUD9
10/29/2016,NIP
10/28/2016,CLOUD9
10/28/2016,SK
10/28/2016,MOUSESPORTS
10/28/2016,LIQUID
10/28/2016,ENVY
10/28/2016,IMMORTALS
10/27/2016,SK
10/27/2016,FAZE
10/27/2016,SK
10/27/2016,MOUSESPORTS
10/27/2016,ENVY
10/27/2016,OPTIC
10/26/2016,DIGNITAS
10/26/2016,NIP
10/26/2016,CLOUD9
10/26/2016,MOUSESPORTS
10/26/2016,ENVY
10/26/2016,OPTIC
10/23/2016,DIGNITAS
10/23/2016,DIGNITAS
10/23/2016,VIRTUS.PRO
10/22/2016,FAZE
10/22/2016,FAZE
10/22/2016,DIGNITAS
10/22/2016,SK
10/22/2016,MOUSESPORTS
10/21/2016,CLOUD9
10/21/2016,MOUSESPORTS
10/19/2016,FNATIC
10/19/2016,VIRTUS.PRO
10/19/2016,NATUS VINCERE
10/19/2016,NIP
10/19/2016,G2
10/19/2016,DIGNITAS
10/18/2016,FNATIC
10/18/2016,SK
10/18/2016,G2
10/18/2016,NATUS VINCERE
10/18/2016,DIGNITAS
10/18/2016,NIP
10/17/2016,G2
10/17/2016,NIP
10/17/2016,NATUS VINCERE
10/17/2016,DIGNITAS
10/17/2016,VIRTUS.PRO
10/17/2016,VIRTUS.PRO
10/16/2016,IMMORTALS
10/16/2016,IMMORTALS
10/16/2016,GODSENT
10/16/2016,GODSENT
10/15/2016,DIGNITAS
10/15/2016,FAZE
10/15/2016,FAZE
10/15/2016,ENVY
10/15/2016,ENVY
10/14/2016,ENVY
10/14/2016,DIGNITAS
10/14/2016,FNATIC
10/14/2016,VIRTUS.PRO
10/13/2016,DIGNITAS
10/13/2016,G2
10/13/2016,ENVY
10/13/2016,MOUSESPORTS
10/13/2016,FLIPSID3
10/13/2016,NATUS VINCERE
10/13/2016,ASTRALIS
10/13/2016,VIRTUS.PRO
10/13/2016,FAZE
10/13/2016,ENVY
10/13/2016,HEROIC
10/12/2016,SK
10/12/2016,LIQUID
10/12/2016,FAZE
10/12/2016,FAZE
10/12/2016,HEROIC
10/12/2016,FNATIC
10/12/2016,G2
10/12/2016,ENVY
10/12/2016,FNATIC
10/12/2016,GODSENT
10/12/2016,NATUS VINCERE
10/12/2016,VIRTUS.PRO
10/12/2016,ENVY
10/12/2016,VIRTUS.PRO
10/12/2016,FAZE
10/12/2016,SK
10/12/2016,SK
10/11/2016,FAZE
10/11/2016,FAZE
10/11/2016,FNATIC
10/11/2016,FNATIC
10/10/2016,MOUSESPORTS
10/10/2016,MOUSESPORTS
10/9/2016,SK
10/9/2016,SK
10/9/2016,FNATIC
10/9/2016,FNATIC
10/9/2016,MOUSESPORTS
10/9/2016,MOUSESPORTS
10/8/2016,CLOUD9
10/8/2016,CLOUD9
10/8/2016,VIRTUS.PRO
10/8/2016,DIGNITAS
10/8/2016,GODSENT
10/7/2016,CLOUD9
10/7/2016,LIQUID
10/7/2016,IMMORTALS
10/7/2016,OPTIC
10/7/2016,ENVY
10/5/2016,IMMORTALS
10/5/2016,LIQUID
10/5/2016,DIGNITAS
10/5/2016,MOUSESPORTS
10/5/2016,DIGNITAS
10/5/2016,MOUSESPORTS
10/5/2016,FNATIC
10/5/2016,NIP
10/5/2016,ENVY
10/5/2016,NIP
10/4/2016,VIRTUS.PRO
10/4/2016,FNATIC
10/4/2016,FNATIC
10/4/2016,MOUSESPORTS
10/4/2016,HEROIC
10/4/2016,FLIPSID3
10/3/2016,NATUS VINCERE
10/2/2016,VIRTUS.PRO
10/2/2016,NATUS VINCERE
10/2/2016,GAMBIT
10/2/2016,VIRTUS.PRO
10/1/2016,SK
10/1/2016,OPTIC
10/1/2016,NATUS VINCERE
10/1/2016,OPTIC
9/30/2016,VIRTUS.PRO
9/30/2016,SK
9/30/2016,NATUS VINCERE
9/30/2016,LIQUID
9/30/2016,NATUS VINCERE
9/30/2016,SK
9/30/2016,ASTRALIS
9/29/2016,GODSENT
9/27/2016,OPTIC
9/27/2016,IMMORTALS
9/27/2016,DIGNITAS
9/27/2016,DIGNITAS
9/27/2016,VIRTUS.PRO
9/27/2016,VIRTUS.PRO
9/27/2016,DIGNITAS
9/26/2016,ASTRALIS
9/26/2016,ASTRALIS
9/26/2016,VIRTUS.PRO
9/26/2016,FLIPSID3
9/25/2016,FAZE
9/25/2016,FAZE
9/25/2016,ENVY
9/24/2016,SK
9/24/2016,VIRTUS.PRO
9/24/2016,MOUSESPORTS
9/23/2016,DIGNITAS
9/22/2016,IMMORTALS
9/22/2016,IMMORTALS
9/22/2016,NATUS VINCERE
9/22/2016,VIRTUS.PRO
9/22/2016,SK
9/22/2016,SK
9/21/2016,OPTIC
9/21/2016,OPTIC
9/21/2016,DIGNITAS
9/21/2016,HEROIC
9/21/2016,G2
9/21/2016,ENVY
9/21/2016,ENVY
9/21/2016,CLOUD9
9/21/2016,ECHO FOX
9/20/2016,GODSENT
9/20/2016,NIP
9/20/2016,HEROIC
9/20/2016,NIP
9/20/2016,MOUSESPORTS
9/20/2016,HEROIC
9/20/2016,NATUS VINCERE
9/20/2016,OPTIC
9/19/2016,IMMORTALS
9/18/2016,OPTIC
9/18/2016,VIRTUS.PRO
9/18/2016,VIRTUS.PRO
9/18/2016,CLOUD9
9/17/2016,DIGNITAS
9/17/2016,ENVY
9/17/2016,DIGNITAS
9/17/2016,ENVY
9/16/2016,CLOUD9
9/16/2016,VIRTUS.PRO
9/16/2016,FAZE
9/16/2016,HEROIC
9/16/2016,CLOUD9
9/16/2016,VIRTUS.PRO
9/15/2016,ECHO FOX
9/15/2016,NIP
9/15/2016,NATUS VINCERE
9/14/2016,MOUSESPORTS
9/14/2016,HEROIC
9/14/2016,MOUSESPORTS
9/14/2016,ASTRALIS
9/14/2016,NIP
9/14/2016,OPTIC
9/13/2016,IMMORTALS
9/13/2016,DIGNITAS
9/13/2016,FLIPSID3
9/13/2016,G2
9/13/2016,MOUSESPORTS
9/13/2016,MOUSESPORTS
9/13/2016,DIGNITAS
9/11/2016,NIP
9/11/2016,G2
9/11/2016,NIP
9/10/2016,DIGNITAS
9/10/2016,G2
9/10/2016,NIP
9/10/2016,CLOUD9
9/9/2016,FLIPSID3
9/9/2016,DIGNITAS
9/8/2016,ENVY
9/8/2016,ASTRALIS
9/8/2016,DIGNITAS
9/8/2016,G2
9/8/2016,NIP
9/7/2016,CLOUD9
9/7/2016,HEROIC
9/7/2016,FAZE
9/7/2016,GODSENT
9/5/2016,GODSENT
9/4/2016,IMMORTALS
9/4/2016,ASTRALIS
9/4/2016,ASTRALIS
9/4/2016,FAZE
9/4/2016,ASTRALIS
9/4/2016,ENVY
9/4/2016,MOUSESPORTS
9/4/2016,FAZE
9/3/2016,CLOUD9
9/3/2016,HEROIC
9/1/2016,NIP
9/1/2016,NIP
9/1/2016,NATUS VINCERE
9/1/2016,NATUS VINCERE
8/31/2016,G2
8/31/2016,MOUSESPORTS
8/31/2016,DIGNITAS
8/31/2016,ASTRALIS
8/31/2016,VIRTUS.PRO
8/30/2016,ASTRALIS
8/30/2016,MOUSESPORTS
8/30/2016,FAZE
8/30/2016,FAZE
8/30/2016,LIQUID
8/30/2016,LIQUID
8/29/2016,G2
8/29/2016,G2
8/29/2016,GODSENT
8/28/2016,CLOUD9
8/28/2016,CLOUD9
8/27/2016,HEROIC
8/27/2016,HEROIC
8/26/2016,DIGNITAS
8/25/2016,NIP
8/25/2016,ASTRALIS
8/25/2016,ENVY
8/25/2016,NIP
8/25/2016,DIGNITAS
8/25/2016,DIGNITAS
8/24/2016,MOUSESPORTS
8/24/2016,NIP
8/24/2016,MOUSESPORTS
8/24/2016,ENVY
8/24/2016,ASTRALIS
8/24/2016,ASTRALIS
8/23/2016,DIGNITAS
8/23/2016,NIP
8/23/2016,ENVY
8/23/2016,ENVY
8/23/2016,IMMORTALS
8/22/2016,CLOUD9
8/21/2016,CLOUD9
8/21/2016,FAZE
8/21/2016,FAZE
8/21/2016,NATUS VINCERE
8/21/2016,NATUS VINCERE
8/21/2016,LIQUID
8/21/2016,LIQUID
8/20/2016,FAZE
8/20/2016,ENVY
8/20/2016,NATUS VINCERE
8/20/2016,NATUS VINCERE
8/18/2016,FAZE
8/18/2016,DIGNITAS
8/18/2016,FAZE
8/17/2016,CLOUD9
8/17/2016,CLOUD9
8/17/2016,VIRTUS.PRO
8/17/2016,X
8/17/2016,NIP
8/16/2016,DIGNITAS
8/15/2016,VIRTUS.PRO
7/30/2016,VIRTUS.PRO
7/30/2016,VIRTUS.PRO
7/29/2016,FNATIC
7/23/2016,VIRTUS.PRO
7/22/2016,MOUSESPORTS
7/21/2016,NATUS VINCERE
7/21/2016,FNATIC
7/17/2016,CLOUD9
7/16/2016,MOUSESPORTS
7/14/2016,MOUSESPORTS
7/13/2016,VIRTUS.PRO
7/10/2016,SK
7/9/2016,LIQUID
7/9/2016,SK
7/8/2016,FNATIC
7/8/2016,LIQUID
7/8/2016,VIRTUS.PRO
7/7/2016,FNATIC
7/7/2016,LIQUID
7/7/2016,ASTRALIS
7/6/2016,FNATIC
7/6/2016,SK
7/6/2016,MOUSESPORTS
7/6/2016,VIRTUS.PRO
7/6/2016,NATUS VINCERE
7/6/2016,GAMBIT
7/5/2016,FAZE
7/5/2016,SK
7/5/2016,VIRTUS.PRO
7/5/2016,LIQUID
7/5/2016,NIP
7/5/2016,ASTRALIS
7/2/2016,ENVY
6/30/2016,VIRTUS.PRO
6/29/2016,VIRTUS.PRO
6/29/2016,GAMBIT
6/28/2016,ENVY
6/28/2016,VIRTUS.PRO
6/28/2016,ENVY
6/28/2016,ENVY
6/26/2016,G2
6/26/2016,G2
6/25/2016,G2
6/25/2016,CLOUD9
6/25/2016,G2
6/24/2016,FNATIC
6/24/2016,LUMINOSITY
6/24/2016,LIQUID
6/24/2016,LUMINOSITY
6/21/2016,NATUS VINCERE
6/21/2016,MOUSESPORTS
6/20/2016,IMMORTALS
6/20/2016,NIP
6/20/2016,IMMORTALS
6/19/2016,IMMORTALS
6/18/2016,GODSENT
6/18/2016,ASTRALIS
6/18/2016,GODSENT
6/18/2016,SK
6/18/2016,FNATIC
6/16/2016,FAZE
6/15/2016,FNATIC
6/15/2016,FNATIC
6/14/2016,FAZE
6/14/2016,FNATIC
6/14/2016,FAZE
6/14/2016,FAZE
6/12/2016,G2
6/12/2016,DIGNITAS
6/12/2016,ENVY
6/12/2016,OPTIC
6/11/2016,MOUSESPORTS
6/11/2016,CLOUD9
6/11/2016,HELLRAISERS
6/11/2016,ASTRALIS
6/10/2016,MOUSESPORTS
6/10/2016,G2
6/10/2016,TYLOO
6/9/2016,CLG
6/9/2016,G2
6/9/2016,FAZE
6/9/2016,ENVY
6/8/2016,ASTRALIS
6/8/2016,SK
6/7/2016,CLG
6/7/2016,SK
6/5/2016,VIRTUS.PRO
6/4/2016,NIP
6/2/2016,NIP
6/1/2016,G2
6/1/2016,G2
5/31/2016,G2
5/31/2016,G2
5/31/2016,NIP
5/31/2016,NIP
5/28/2016,LUMINOSITY
5/27/2016,NIP
5/26/2016,LUMINOSITY
5/26/2016,FNATIC
5/26/2016,NIP
5/26/2016,LIQUID
5/25/2016,LUMINOSITY
5/25/2016,LUMINOSITY
5/25/2016,MOUSESPORTS
5/25/2016,FNATIC
5/25/2016,LIQUID
5/24/2016,LUMINOSITY
5/24/2016,LUMINOSITY
5/24/2016,CLOUD9
5/24/2016,CLOUD9
5/23/2016,G2
5/23/2016,NIP
5/23/2016,G2
5/22/2016,OPTIC
5/22/2016,MOUSESPORTS
5/22/2016,VIRTUS.PRO
5/22/2016,FAZE
5/21/2016,CLOUD9
5/21/2016,OPTIC
5/21/2016,ASTRALIS
5/21/2016,NATUS VINCERE
5/21/2016,NATUS VINCERE
5/20/2016,ASTRALIS
5/20/2016,VIRTUS.PRO
5/19/2016,FNATIC
5/19/2016,ENVY
5/19/2016,HELLRAISERS
5/18/2016,NIP
5/18/2016,ASTRALIS
5/17/2016,G2
5/17/2016,G2
5/16/2016,DIGNITAS
5/15/2016,LUMINOSITY
5/14/2016,G2
5/14/2016,LUMINOSITY
5/12/2016,FNATIC
5/12/2016,LIQUID
5/11/2016,LUMINOSITY
5/11/2016,MOUSESPORTS
5/11/2016,NIP
5/11/2016,NIP
5/11/2016,FNATIC
5/11/2016,G2
5/10/2016,VIRTUS.PRO
5/9/2016,NIP
5/9/2016,NIP
5/8/2016,LUMINOSITY
5/8/2016,LUMINOSITY
5/8/2016,FNATIC
5/8/2016,TEMPO STORM
5/7/2016,CLOUD9
5/7/2016,TEMPO STORM
5/7/2016,LUMINOSITY
5/6/2016,CLOUD9
5/5/2016,G2
5/5/2016,FAZE
5/5/2016,LUMINOSITY
5/4/2016,LUMINOSITY
5/4/2016,NIP
5/4/2016,FAZE
5/4/2016,LUMINOSITY
5/3/2016,ASTRALIS
5/3/2016,FNATIC
5/1/2016,CLG
4/30/2016,TEMPO STORM
4/30/2016,LUMINOSITY
4/29/2016,MOUSESPORTS
4/29/2016,HELLRAISERS
4/29/2016,TEMPO STORM
4/28/2016,ASTRALIS
4/28/2016,DIGNITAS
4/26/2016,LUMINOSITY
4/26/2016,LUMINOSITY
4/26/2016,FNATIC
4/26/2016,FAZE
4/26/2016,NIP
4/26/2016,MOUSESPORTS
4/26/2016,FAZE
4/26/2016,G2
4/26/2016,NATUS VINCERE
4/26/2016,ASTRALIS
4/25/2016,ASTRALIS
4/25/2016,VIRTUS.PRO
4/24/2016,FAZE
4/24/2016,MOUSESPORTS
4/23/2016,VIRTUS.PRO
4/21/2016,VIRTUS.PRO
4/21/2016,FAZE
4/21/2016,HELLRAISERS
4/21/2016,MOUSESPORTS
4/21/2016,DIGNITAS
4/21/2016,NIP
4/21/2016,HELLRAISERS
4/21/2016,NIP
4/20/2016,FAZE
4/20/2016,FAZE
4/20/2016,G2
4/20/2016,NATUS VINCERE
4/20/2016,ENVY
4/19/2016,ASTRALIS
4/19/2016,ASTRALIS
4/19/2016,FAZE
4/19/2016,MOUSESPORTS
4/19/2016,MOUSESPORTS
4/17/2016,NIP
4/17/2016,NATUS VINCERE
4/16/2016,NIP
4/16/2016,ENVY
4/14/2016,ENVY
4/14/2016,NIP
4/13/2016,VIRTUS.PRO
4/13/2016,DIGNITAS
4/13/2016,MOUSESPORTS
4/13/2016,ENVY
4/12/2016,TEMPO STORM
4/12/2016,VIRTUS.PRO
4/12/2016,DIGNITAS
4/12/2016,CLG
4/12/2016,MOUSESPORTS
4/11/2016,GAMBIT
4/10/2016,DIGNITAS
4/10/2016,ENVY
4/10/2016,DIGNITAS
4/10/2016,ASTRALIS
4/9/2016,G2
4/8/2016,MOUSESPORTS
4/7/2016,DIGNITAS
4/7/2016,GAMBIT
4/7/2016,DIGNITAS
4/7/2016,GAMBIT
4/7/2016,NIP
4/7/2016,NIP
4/7/2016,E-FRAG.NET
4/6/2016,DIGNITAS
4/6/2016,HELLRAISERS
4/3/2016,LUMINOSITY
4/2/2016,LUMINOSITY
4/2/2016,NATUS VINCERE
4/2/2016,LUMINOSITY
4/1/2016,LIQUID
4/1/2016,ASTRALIS
4/1/2016,NATUS VINCERE
4/1/2016,VIRTUS.PRO
3/31/2016,FNATIC
3/31/2016,NIP
3/30/2016,NATUS VINCERE
3/30/2016,ASTRALIS
3/30/2016,LIQUID
3/30/2016,LUMINOSITY
3/30/2016,G2
3/30/2016,MOUSESPORTS
3/29/2016,VIRTUS.PRO
3/29/2016,NATUS VINCERE
3/29/2016,CLG
3/29/2016,LIQUID
3/29/2016,LUMINOSITY
3/25/2016,E-FRAG.NET
3/23/2016,NIP
3/23/2016,NIP
3/23/2016,FNATIC
3/23/2016,FNATIC
3/23/2016,CLG
3/22/2016,DIGNITAS
3/22/2016,DIGNITAS
3/22/2016,SK
3/22/2016,FLIPSID3
3/21/2016,FLIPSID3
3/21/2016,CLOUD9
3/20/2016,LIQUID
3/20/2016,LIQUID
3/20/2016,ASTRALIS
3/20/2016,ASTRALIS
3/20/2016,LIQUID
3/20/2016,NATUS VINCERE
3/20/2016,FLIPSID3
3/20/2016,FLIPSID3
3/19/2016,LUMINOSITY
3/19/2016,CLOUD9
3/19/2016,LUMINOSITY
3/19/2016,CLG
3/19/2016,FNATIC
3/19/2016,FNATIC
3/19/2016,MOUSESPORTS
3/19/2016,MOUSESPORTS
3/18/2016,TEMPO STORM
3/18/2016,NATUS VINCERE
3/18/2016,NATUS VINCERE
3/18/2016,LUMINOSITY
3/18/2016,CLOUD9
3/18/2016,LIQUID
3/17/2016,RENEGADES
3/17/2016,G2
3/17/2016,G2
3/17/2016,NATUS VINCERE
3/16/2016,CLOUD9
3/16/2016,CLOUD9
3/16/2016,FNATIC
3/16/2016,NIP
3/16/2016,DIGNITAS
3/16/2016,G2
3/15/2016,NATUS VINCERE
3/15/2016,NATUS VINCERE
3/14/2016,MOUSESPORTS
3/13/2016,MOUSESPORTS
3/13/2016,FNATIC
3/13/2016,G2
3/13/2016,G2
3/12/2016,G2
3/12/2016,VIRTUS.PRO
3/12/2016,ENVY
3/12/2016,ASTRALIS
3/10/2016,NATUS VINCERE
3/10/2016,NATUS VINCERE
3/10/2016,ENVY
3/10/2016,ENVY
3/9/2016,G2
3/9/2016,G2
3/9/2016,NIP
3/9/2016,NIP
3/8/2016,ASTRALIS
3/8/2016,ASTRALIS
3/5/2016,FNATIC
3/4/2016,FNATIC
3/4/2016,LUMINOSITY
3/4/2016,FNATIC
3/3/2016,E-FRAG.NET
3/3/2016,VIRTUS.PRO
3/3/2016,VIRTUS.PRO
3/3/2016,ASTRALIS
3/3/2016,ENVY
3/3/2016,ASTRALIS
3/3/2016,VIRTUS.PRO
3/3/2016,ASTRALIS
3/3/2016,ASTRALIS
3/3/2016,FAZE
3/2/2016,FNATIC
3/2/2016,NIP
3/2/2016,LUMINOSITY
3/2/2016,NATUS VINCERE
3/2/2016,FNATIC
3/2/2016,NATUS VINCERE
3/2/2016,LUMINOSITY
3/2/2016,LUMINOSITY
3/2/2016,MOUSESPORTS
2/28/2016,CLOUD9
2/27/2016,LIQUID
2/27/2016,CLOUD9
2/27/2016,CLG
2/27/2016,G2
2/27/2016,RENEGADES
2/26/2016,MOUSESPORTS
2/25/2016,FNATIC
2/24/2016,FNATIC
2/24/2016,FNATIC
2/24/2016,ASTRALIS
2/24/2016,ASTRALIS
2/24/2016,NATUS VINCERE
2/23/2016,SK
2/23/2016,ENVY
2/23/2016,VIRTUS.PRO
2/23/2016,MOUSESPORTS
2/23/2016,G2
2/22/2016,CLG
2/22/2016,TEMPO STORM
2/21/2016,LIQUID
2/21/2016,FNATIC
2/21/2016,FNATIC
2/21/2016,FNATIC
2/21/2016,FNATIC
2/21/2016,ASTRALIS
2/21/2016,ASTRALIS
2/20/2016,FNATIC
2/20/2016,G2
2/20/2016,ASTRALIS
2/20/2016,FNATIC
2/19/2016,FNATIC
2/19/2016,ASTRALIS
2/19/2016,ENVY
2/18/2016,FLIPSID3
2/17/2016,E-FRAG.NET
2/17/2016,NATUS VINCERE
2/17/2016,NATUS VINCERE
2/16/2016,ENVY
2/16/2016,FNATIC
2/16/2016,ASTRALIS
2/16/2016,ASTRALIS
2/15/2016,DIGNITAS
2/15/2016,DIGNITAS
2/15/2016,FNATIC
2/15/2016,FNATIC
2/14/2016,MOUSESPORTS
2/14/2016,FLIPSID3
2/13/2016,MOUSESPORTS
2/12/2016,MOUSESPORTS
2/12/2016,CLOUD9
2/12/2016,CLOUD9
2/11/2016,FNATIC
2/11/2016,FNATIC
2/11/2016,SK
2/11/2016,SK
2/10/2016,FAZE
2/10/2016,FAZE
2/10/2016,G2
2/10/2016,ASTRALIS
2/9/2016,ENVY
2/9/2016,ENVY
2/9/2016,NATUS VINCERE
2/9/2016,SK
2/9/2016,ASTRALIS
2/7/2016,ENVY
2/7/2016,ASTRALIS
2/6/2016,DIGNITAS
2/6/2016,ENVY
2/6/2016,CLG
2/6/2016,ENVY
2/5/2016,ASTRALIS
2/4/2016,DIGNITAS
2/4/2016,DIGNITAS
1/31/2016,DIGNITAS
1/26/2016,MOUSESPORTS
1/24/2016,NATUS VINCERE
1/23/2016,NATUS VINCERE
1/23/2016,LUMINOSITY
1/23/2016,DIGNITAS
1/23/2016,LUMINOSITY
1/22/2016,LUMINOSITY
1/22/2016,ASTRALIS
1/22/2016,NATUS VINCERE
1/22/2016,ASTRALIS
1/22/2016,FAZE
1/22/2016,NATUS VINCERE
1/19/2016,FLIPSID3
1/17/2016,FNATIC
1/16/2016,NATUS VINCERE
1/16/2016,FNATIC
1/15/2016,NATUS VINCERE
1/15/2016,FNATIC
1/14/2016,NATUS VINCERE
12/28/2017,MOUSESPORTS
12/17/2017,FAZE
12/17/2017,FAZE
12/17/2017,MOUSESPORTS
12/16/2017,FAZE
12/16/2017,MOUSESPORTS
12/16/2017,CLOUD9
12/15/2017,ASTRALIS
12/15/2017,FAZE
12/15/2017,ASTRALIS
12/15/2017,FNATIC
12/15/2017,OPTIC
12/10/2017,SK
12/9/2017,FAZE
12/8/2017,FNATIC
12/6/2017,NIP
12/6/2017,SK
12/6/2017,NORTH
12/6/2017,FNATIC
12/6/2017,FNATIC
12/6/2017,FAZE
12/5/2017,OPTIC
12/5/2017,NIP
12/5/2017,SK
12/5/2017,FNATIC
12/3/2017,NATUS VINCERE
12/3/2017,MOUSESPORTS
12/3/2017,NATUS VINCERE
12/2/2017,NATUS VINCERE
12/1/2017,ENVY
12/1/2017,GAMBIT
12/1/2017,NATUS VINCERE
11/26/2017,SPACE SOLDIERS
11/26/2017,UKRAINE
11/25/2017,SK
11/25/2017,SPACE SOLDIERS
11/25/2017,ASTRALIS
11/25/2017,SK
11/25/2017,G2
11/25/2017,FAZE
11/25/2017,ASTRALIS
11/25/2017,NIP
11/25/2017,NORTH
11/25/2017,FAZE
11/25/2017,SK
11/25/2017,NORTH
11/25/2017,ASTRALIS
11/25/2017,UKRAINE
11/25/2017,G2
11/25/2017,NIP
11/25/2017,ASTRALIS
11/24/2017,VIRTUS.PRO
11/23/2017,SPACE SOLDIERS
11/23/2017,MOUSESPORTS
11/23/2017,MOUSESPORTS
11/23/2017,HEROIC
11/23/2017,VIRTUS.PRO
11/23/2017,FAZE
11/23/2017,HEROIC
11/22/2017,CLOUD9
11/22/2017,CLOUD9
11/22/2017,NIP
11/22/2017,NIP
11/22/2017,RENEGADES
11/22/2017,CLOUD9
11/21/2017,FNATIC
11/21/2017,FNATIC
11/21/2017,NIP
11/21/2017,NIP
11/20/2017,NIP
11/19/2017,FAZE
11/18/2017,NIP
11/16/2017,CLOUD9
11/16/2017,SK
11/16/2017,SPACE SOLDIERS
11/16/2017,OPTIC
11/16/2017,GAMBIT
11/16/2017,FAZE
11/15/2017,G2
11/15/2017,RENEGADES
11/15/2017,OPTIC
11/15/2017,GAMBIT
11/15/2017,NIP
11/15/2017,CLOUD9
11/15/2017,ENVY
11/15/2017,ASTRALIS
11/15/2017,MOUSESPORTS
11/15/2017,NIP
11/15/2017,MOUSESPORTS
11/15/2017,BIG
11/15/2017,G2
11/15/2017,FAZE
11/15/2017,LIQUID
11/15/2017,RENEGADES
11/15/2017,LIQUID
11/15/2017,FAZE
11/14/2017,FAZE
11/14/2017,OPTIC
11/14/2017,ASTRALIS
11/14/2017,CLOUD9
11/14/2017,SK
11/14/2017,SK
11/14/2017,HEROIC
11/14/2017,HEROIC
11/13/2017,CLOUD9
11/12/2017,CLOUD9
11/12/2017,RENEGADES
11/12/2017,LIQUID
11/11/2017,RENEGADES
11/11/2017,NATUS VINCERE
11/11/2017,FNATIC
11/11/2017,ENVY
11/11/2017,MOUSESPORTS
11/11/2017,NORTH
11/11/2017,NIP
11/11/2017,ASTRALIS
11/11/2017,FAZE
11/11/2017,NORTH
11/11/2017,FNATIC
11/11/2017,FAZE
11/11/2017,FAZE
11/11/2017,HEROIC
11/11/2017,RENEGADES
11/11/2017,RENEGADES
11/10/2017,MOUSESPORTS
11/10/2017,MOUSESPORTS
11/10/2017,NATUS VINCERE
11/10/2017,VIRTUS.PRO
11/10/2017,NATUS VINCERE
11/10/2017,HEROIC
11/9/2017,NORTH
11/9/2017,ASTRALIS
11/9/2017,HEROIC
11/9/2017,ENVY
11/9/2017,NIP
11/9/2017,GAMBIT
11/9/2017,FAZE
11/9/2017,NIP
11/9/2017,ASTRALIS
11/9/2017,MOUSESPORTS
11/9/2017,FNATIC
11/8/2017,ASTRALIS
11/8/2017,FNATIC
11/8/2017,FNATIC
11/8/2017,ASTRALIS
11/8/2017,G2
11/8/2017,G2
11/8/2017,LIQUID
11/8/2017,CLOUD9
11/7/2017,ASTRALIS
11/7/2017,ASTRALIS
11/7/2017,ENVY
11/7/2017,ENVY
11/5/2017,LIQUID
11/5/2017,SPACE SOLDIERS
11/5/2017,RENEGADES
11/4/2017,SPACE SOLDIERS
11/4/2017,VIRTUS.PRO
11/3/2017,VIRTUS.PRO
11/2/2017,NIP
11/2/2017,NIP
11/1/2017,MOUSESPORTS
11/1/2017,ASTRALIS
11/1/2017,NATUS VINCERE
11/1/2017,FNATIC
10/31/2017,ASTRALIS
10/31/2017,FNATIC
10/31/2017,G2
10/31/2017,MOUSESPORTS
10/29/2017,FAZE
10/29/2017,FNATIC
10/29/2017,SK
10/29/2017,NIP
10/29/2017,ENVY
10/29/2017,G2
10/28/2017,NIP
10/28/2017,MOUSESPORTS
10/28/2017,SK
10/27/2017,CLOUD9
10/27/2017,CLOUD9
10/27/2017,G2
10/27/2017,G2
10/26/2017,FNATIC
10/26/2017,FNATIC
10/26/2017,ENVY
10/26/2017,FAZE
10/26/2017,ASTRALIS
10/26/2017,VIRTUS.PRO
10/25/2017,LIQUID
10/25/2017,LIQUID
10/25/2017,FAZE
10/25/2017,MOUSESPORTS
10/25/2017,G2
10/25/2017,FNATIC
10/25/2017,FNATIC
10/25/2017,SK
10/25/2017,ASTRALIS
10/25/2017,VIRTUS.PRO
10/24/2017,NORTH
10/24/2017,G2
10/24/2017,FAZE
10/24/2017,G2
10/24/2017,G2
10/24/2017,SK
10/22/2017,CLOUD9
10/22/2017,CLOUD9
10/22/2017,FAZE
10/22/2017,BIG
10/22/2017,FAZE
10/21/2017,RENEGADES
10/21/2017,ASTRALIS
10/21/2017,ASTRALIS
10/21/2017,LIQUID
10/20/2017,BIG
10/20/2017,CLOUD9
10/20/2017,RENEGADES
10/20/2017,FNATIC
10/20/2017,FNATIC
10/20/2017,ASTRALIS
10/20/2017,ASTRALIS
10/19/2017,HEROIC
10/19/2017,ENVY
10/19/2017,HELLRAISERS
10/19/2017,ASTRALIS
10/19/2017,RENEGADES
10/19/2017,CLOUD9
10/18/2017,GAMBIT
10/18/2017,G2
10/18/2017,BIG
10/17/2017,NORTH
10/17/2017,G2
10/17/2017,NORTH
10/17/2017,G2
10/17/2017,NIP
10/17/2017,NIP
10/17/2017,RENEGADES
10/17/2017,SK
10/16/2017,LIQUID
10/16/2017,LIQUID
10/16/2017,G2
10/16/2017,VIRTUS.PRO
10/15/2017,SK
10/15/2017,SK
10/15/2017,ENVY
10/15/2017,HEROIC
10/15/2017,MOUSESPORTS
10/15/2017,SPACE SOLDIERS
10/14/2017,FAZE
10/12/2017,FAZE
10/12/2017,ASTRALIS
10/12/2017,NIP
10/11/2017,LIQUID
10/11/2017,NORTH
10/11/2017,FAZE
10/11/2017,NIP
10/11/2017,MOUSESPORTS
10/10/2017,ASTRALIS
10/10/2017,CLOUD9
10/8/2017,MOUSESPORTS
10/8/2017,NIP
10/8/2017,ENVY
10/8/2017,NIP
10/8/2017,HEROIC
10/8/2017,FAZE
10/8/2017,FAZE
10/8/2017,NIP
10/8/2017,SK
10/7/2017,SK
10/7/2017,FNATIC
10/7/2017,FNATIC
10/7/2017,MOUSESPORTS
10/7/2017,ENVY
10/7/2017,MOUSESPORTS
10/7/2017,VIRTUS.PRO
10/6/2017,ASTRALIS
10/6/2017,HEROIC
10/6/2017,FAZE
10/6/2017,MOUSESPORTS
10/6/2017,FNATIC
10/6/2017,G2
10/6/2017,FAZE
10/6/2017,G2
10/6/2017,HELLRAISERS
10/6/2017,FAZE
10/5/2017,LIQUID
10/5/2017,NIP
10/5/2017,MOUSESPORTS
10/5/2017,HELLRAISERS
10/5/2017,ASTRALIS
10/5/2017,ASTRALIS
10/5/2017,HELLRAISERS
10/5/2017,FAZE
10/5/2017,HELLRAISERS
10/4/2017,SK
10/4/2017,FAZE
10/4/2017,NORTH
10/4/2017,ASTRALIS
10/4/2017,BIG
10/4/2017,NIP
10/3/2017,MOUSESPORTS
10/3/2017,SPACE SOLDIERS
10/3/2017,NIP
10/3/2017,MOUSESPORTS
10/3/2017,NIP
10/3/2017,ENVY
10/3/2017,ENVY
10/3/2017,FAZE
10/2/2017,RENEGADES
10/2/2017,NIP
10/2/2017,ENVY
10/2/2017,ENVY
10/2/2017,ENVY
10/2/2017,MOUSESPORTS
10/1/2017,RENEGADES
10/1/2017,SPACE SOLDIERS
9/30/2017,HEROIC
9/30/2017,SK
9/30/2017,ASTRALIS
9/29/2017,HEROIC
9/29/2017,ASTRALIS
9/29/2017,VIRTUS.PRO
9/28/2017,FAZE
9/28/2017,NIP
9/27/2017,NIP
9/27/2017,NIP
9/27/2017,ENVY
9/27/2017,FNATIC
9/27/2017,NATUS VINCERE
9/27/2017,FNATIC
9/27/2017,FAZE
9/27/2017,SK
9/26/2017,CLG
9/26/2017,FNATIC
9/26/2017,NORTH
9/26/2017,FNATIC
9/26/2017,NORTH
9/26/2017,HELLRAISERS
9/26/2017,HELLRAISERS
9/26/2017,HEROIC
9/25/2017,HELLRAISERS
9/24/2017,HEROIC
9/24/2017,FNATIC
9/23/2017,ENVY
9/23/2017,NIP
9/23/2017,CLOUD9
9/22/2017,CLOUD9
9/22/2017,ENVY
9/21/2017,FAZE
9/20/2017,HEROIC
9/19/2017,IMMORTALS
9/18/2017,HELLRAISERS
9/17/2017,FAZE
9/16/2017,FNATIC
9/16/2017,FAZE
9/16/2017,FNATIC
9/16/2017,LIQUID
9/16/2017,NORTH
9/15/2017,LIQUID
9/15/2017,NORTH
9/15/2017,IMMORTALS
9/15/2017,CLOUD9
9/15/2017,LIQUID
9/15/2017,NATUS VINCERE
9/15/2017,FAZE
9/15/2017,SK
9/15/2017,CLOUD9
9/15/2017,ASTRALIS
9/15/2017,SK
9/15/2017,FAZE
9/14/2017,HEROIC
9/12/2017,BIG
9/12/2017,BIG
9/10/2017,MOUSESPORTS
9/10/2017,NORTH
9/10/2017,NORTH
9/10/2017,SK
9/9/2017,G2
9/9/2017,LIQUID
9/9/2017,G2
9/9/2017,MOUSESPORTS
9/9/2017,LIQUID
9/9/2017,FAZE
9/8/2017,IMMORTALS
9/8/2017,NATUS VINCERE
9/8/2017,FAZE
9/8/2017,MOUSESPORTS
9/8/2017,BIG
9/8/2017,MOUSESPORTS
9/7/2017,SK
9/7/2017,FNATIC
9/7/2017,FNATIC
9/7/2017,SK
9/7/2017,NIP
9/7/2017,GAMBIT
9/7/2017,NIP
9/7/2017,VIRTUS.PRO
9/7/2017,VIRTUS.PRO
9/7/2017,LIQUID
9/6/2017,NORTH
9/6/2017,HELLRAISERS
9/5/2017,ASTRALIS
9/5/2017,ASTRALIS
9/5/2017,GAMBIT
9/4/2017,SPACE SOLDIERS
9/3/2017,G2
9/3/2017,NORTH
9/3/2017,SPACE SOLDIERS
9/3/2017,G2
9/2/2017,NORTH
9/2/2017,GAMBIT
9/2/2017,NIP
9/2/2017,MOUSESPORTS
9/2/2017,HEROIC
9/2/2017,G2
9/1/2017,IMMORTALS
9/1/2017,GAMBIT
9/1/2017,SK
8/31/2017,G2
8/31/2017,NIP
8/31/2017,ASTRALIS
8/31/2017,NORTH
8/30/2017,FAZE
8/30/2017,FNATIC
8/30/2017,G2
8/30/2017,NIP
8/30/2017,GAMBIT
8/30/2017,IMMORTALS
8/30/2017,NORTH
8/30/2017,NATUS VINCERE
8/29/2017,SPACE SOLDIERS
8/27/2017,NIP
8/27/2017,NATUS VINCERE
8/27/2017,MOUSESPORTS
8/27/2017,G2
8/27/2017,HEROIC
8/26/2017,NORTH
8/26/2017,NORTH
8/26/2017,NATUS VINCERE
8/26/2017,FNATIC
8/25/2017,HEROIC
8/25/2017,NORTH
8/25/2017,HEROIC
8/25/2017,NORTH
8/25/2017,FAZE
8/25/2017,SK
8/24/2017,IMMORTALS
8/24/2017,BIG
8/24/2017,ASTRALIS
8/24/2017,FAZE
8/24/2017,ASTRALIS
8/24/2017,ENVY
8/24/2017,ENVY
8/23/2017,FAZE
8/23/2017,MOUSESPORTS
8/23/2017,BIG
8/23/2017,G2
8/23/2017,G2
8/23/2017,HELLRAISERS
8/22/2017,SK
8/22/2017,LIQUID
8/22/2017,FNATIC
8/22/2017,FNATIC
8/22/2017,HEROIC
8/22/2017,FAZE
8/22/2017,HEROIC
8/22/2017,FAZE
8/20/2017,ENVY
8/20/2017,GAMBIT
8/20/2017,ENVY
8/19/2017,BIG
8/19/2017,GAMBIT
8/19/2017,ENVY
8/17/2017,HELLRAISERS
7/23/2017,ENVY
7/23/2017,GAMBIT
7/23/2017,HEROIC
7/22/2017,IMMORTALS
7/22/2017,GAMBIT
7/22/2017,VIRTUS.PRO
7/22/2017,HEROIC
7/21/2017,IMMORTALS
7/21/2017,ASTRALIS
7/21/2017,GAMBIT
7/19/2017,VIRTUS.PRO
7/19/2017,FNATIC
7/19/2017,SK
7/19/2017,NORTH
7/19/2017,ASTRALIS
7/19/2017,FNATIC
7/19/2017,CLOUD9
7/18/2017,BIG
7/18/2017,GAMBIT
7/18/2017,ASTRALIS
7/18/2017,G2
7/18/2017,IMMORTALS
7/18/2017,NORTH
7/17/2017,VIRTUS.PRO
7/17/2017,SK
7/17/2017,GAMBIT
7/17/2017,BIG
7/17/2017,MOUSESPORTS
7/17/2017,NORTH
7/16/2017,ASTRALIS
7/16/2017,G2
7/16/2017,CLOUD9
7/16/2017,BIG
7/16/2017,SK
7/16/2017,GAMBIT
7/15/2017,NIP
7/13/2017,NIP
7/11/2017,ENVY
7/9/2017,SK
7/8/2017,SK
7/8/2017,CLOUD9
7/7/2017,SK
7/7/2017,FAZE
7/7/2017,CLOUD9
7/7/2017,NATUS VINCERE
7/6/2017,FAZE
7/6/2017,CLOUD9
7/6/2017,SK
7/6/2017,OPTIC
7/6/2017,G2
7/6/2017,NATUS VINCERE
7/6/2017,CLOUD9
7/5/2017,LIQUID
7/5/2017,NIP
7/5/2017,FAZE
7/5/2017,G2
7/5/2017,SK
7/4/2017,NIP
7/4/2017,LIQUID
7/4/2017,MOUSESPORTS
7/4/2017,NATUS VINCERE
7/4/2017,SK
7/4/2017,LIQUID
7/4/2017,OPTIC
7/4/2017,NIP
7/4/2017,IMMORTALS
7/4/2017,MOUSESPORTS
7/2/2017,IMMORTALS
7/2/2017,BIG
7/1/2017,LIQUID
7/1/2017,MOUSESPORTS
7/1/2017,BIG
6/30/2017,G2
6/30/2017,PENTA
6/29/2017,CLOUD9
6/29/2017,PENTA
6/29/2017,G2
6/25/2017,SK
6/25/2017,SK
6/25/2017,FAZE
6/24/2017,ASTRALIS
6/24/2017,FAZE
6/24/2017,LIQUID
6/24/2017,G2
6/23/2017,CLOUD9
6/23/2017,ASTRALIS
6/23/2017,CLOUD9
6/23/2017,SK
6/23/2017,SK
6/23/2017,FAZE
6/19/2017,SK
6/19/2017,FNATIC
6/19/2017,SK
6/18/2017,VIRTUS.PRO
6/18/2017,FNATIC
6/18/2017,VIRTUS.PRO
6/18/2017,SK
6/18/2017,GAMBIT
6/17/2017,CLG
6/17/2017,IMMORTALS
6/17/2017,FNATIC
6/17/2017,IMMORTALS
6/17/2017,CLG
6/17/2017,ASTRALIS
6/11/2017,CLOUD9
6/11/2017,CLOUD9
6/10/2017,IMMORTALS
6/10/2017,IMMORTALS
6/9/2017,CLOUD9
6/8/2017,G2
6/8/2017,G2
6/8/2017,FAZE
6/8/2017,MOUSESPORTS
6/7/2017,NIP
6/7/2017,G2
6/6/2017,CLG
6/6/2017,CLG
6/4/2017,G2
6/3/2017,NORTH
6/3/2017,G2
6/1/2017,SK
5/31/2017,LIQUID
5/31/2017,OPTIC
5/31/2017,MOUSESPORTS
5/31/2017,NORTH
5/31/2017,MOUSESPORTS
5/31/2017,SK
5/31/2017,G2
5/31/2017,IMMORTALS
5/31/2017,G2
5/31/2017,IMMORTALS
5/31/2017,FNATIC
5/30/2017,NORTH
5/30/2017,LIQUID
5/30/2017,MOUSESPORTS
5/30/2017,NORTH
5/30/2017,NATUS VINCERE
5/30/2017,SK
5/30/2017,SK
5/30/2017,CLOUD9
5/30/2017,SK
5/28/2017,SK
5/28/2017,IMMORTALS
5/28/2017,LIQUID
5/28/2017,CLOUD9
5/28/2017,NIP
5/28/2017,NIP
5/28/2017,FAZE
5/28/2017,ASTRALIS
5/27/2017,IMMORTALS
5/27/2017,IMMORTALS
5/26/2017,SK
5/26/2017,CLOUD9
5/26/2017,FAZE
5/26/2017,FNATIC
5/25/2017,SK
5/25/2017,SK
5/25/2017,G2
5/25/2017,G2
5/25/2017,ASTRALIS
5/25/2017,MOUSESPORTS
5/24/2017,FNATIC
5/24/2017,FNATIC
5/23/2017,SK
5/23/2017,SK
5/23/2017,FNATIC
5/23/2017,ASTRALIS
5/21/2017,LIQUID
5/20/2017,LIQUID
5/18/2017,IMMORTALS
5/18/2017,OPTIC
5/18/2017,FAZE
5/18/2017,FAZE
5/16/2017,CLOUD9
5/16/2017,OPTIC
5/14/2017,CLOUD9
5/14/2017,CLOUD9
5/14/2017,MISFITS
5/13/2017,CLG
5/12/2017,CLG
5/11/2017,CLG
5/11/2017,NATUS VINCERE
5/11/2017,G2
5/11/2017,NIP
5/11/2017,FNATIC
5/11/2017,NORTH
5/11/2017,HEROIC
5/11/2017,NIP
5/11/2017,FNATIC
5/11/2017,NORTH
5/11/2017,G2
5/11/2017,LIQUID
5/10/2017,CLOUD9
5/10/2017,CLOUD9
5/10/2017,MOUSESPORTS
5/10/2017,G2
5/10/2017,FNATIC
5/10/2017,FAZE
5/10/2017,FNATIC
5/10/2017,HELLRAISERS
5/9/2017,OPTIC
5/8/2017,G2
5/8/2017,G2
5/7/2017,SK
5/6/2017,MOUSESPORTS
5/6/2017,MOUSESPORTS
5/6/2017,FAZE
5/6/2017,SK
5/4/2017,LIQUID
5/4/2017,LIQUID
5/4/2017,MOUSESPORTS
5/4/2017,VIRTUS.PRO
5/4/2017,FAZE
5/4/2017,SK
5/4/2017,FAZE
5/3/2017,CLG
5/3/2017,LIQUID
5/3/2017,NIP
5/3/2017,FNATIC
5/3/2017,NIP
5/3/2017,MOUSESPORTS
5/3/2017,ASTRALIS
5/3/2017,SK
5/3/2017,NORTH
5/2/2017,MOUSESPORTS
5/2/2017,GODSENT
4/30/2017,GAMBIT
4/30/2017,GAMBIT
4/30/2017,IMMORTALS
4/30/2017,G2
4/29/2017,HEROIC
4/29/2017,G2
4/28/2017,IMMORTALS
4/28/2017,GAMBIT
4/28/2017,CLOUD9
4/28/2017,GAMBIT
4/28/2017,IMMORTALS
4/27/2017,MOUSESPORTS
4/27/2017,MOUSESPORTS
4/27/2017,IMMORTALS
4/27/2017,LIQUID
4/26/2017,FNATIC
4/26/2017,NORTH
4/26/2017,ASTRALIS
4/26/2017,NORTH
4/26/2017,VIRTUS.PRO
4/26/2017,FAZE
4/26/2017,G2
4/26/2017,FAZE
4/25/2017,FAZE
4/25/2017,FAZE
4/25/2017,MOUSESPORTS
4/25/2017,G2
4/25/2017,FAZE
4/25/2017,MOUSESPORTS
4/25/2017,G2
4/25/2017,FAZE
4/23/2017,SK
4/23/2017,GAMBIT
4/23/2017,OPTIC
4/22/2017,SK
4/22/2017,OPTIC
4/22/2017,CLOUD9
4/22/2017,GAMBIT
4/21/2017,SK
4/21/2017,LIQUID
4/20/2017,NORTH
4/20/2017,NORTH
4/19/2017,HEROIC
4/19/2017,HEROIC
4/19/2017,NATUS VINCERE
4/19/2017,G2
4/18/2017,NIP
4/18/2017,ASTRALIS
4/18/2017,MOUSESPORTS
4/18/2017,FAZE
4/16/2017,SK
4/16/2017,OPTIC
4/16/2017,ASTRALIS
4/16/2017,G2
4/15/2017,CLOUD9
4/15/2017,IMMORTALS
4/15/2017,OPTIC
4/15/2017,CLG
4/15/2017,VIRTUS.PRO
4/15/2017,ASTRALIS
4/14/2017,LIQUID
4/14/2017,LIQUID
4/14/2017,ASTRALIS
4/14/2017,NIP
4/14/2017,LIQUID
4/14/2017,SK
4/13/2017,IMMORTALS
4/13/2017,IMMORTALS
4/13/2017,FAZE
4/13/2017,G2
4/13/2017,FAZE
4/13/2017,FNATIC
4/13/2017,NIP
4/13/2017,FNATIC
4/13/2017,VIRTUS.PRO
4/13/2017,CLOUD9
4/13/2017,SK
4/12/2017,LIQUID
4/12/2017,LIQUID
4/12/2017,G2
4/12/2017,ASTRALIS
4/12/2017,G2
4/12/2017,ASTRALIS
4/12/2017,NATUS VINCERE
4/12/2017,NATUS VINCERE
4/11/2017,HEROIC
4/11/2017,FNATIC
4/9/2017,FAZE
4/9/2017,ASTRALIS
4/9/2017,FAZE
4/8/2017,NATUS VINCERE
4/8/2017,HELLRAISERS
4/8/2017,FAZE
4/7/2017,FNATIC
4/7/2017,FAZE
4/7/2017,ASTRALIS
4/7/2017,HELLRAISERS
4/7/2017,NORTH
4/7/2017,FNATIC
4/6/2017,ASTRALIS
4/6/2017,G2
4/6/2017,NIP
4/6/2017,NATUS VINCERE
4/6/2017,FAZE
4/5/2017,SK
4/5/2017,NATUS VINCERE
4/5/2017,G2
4/5/2017,NORTH
4/5/2017,FAZE
4/4/2017,G2
4/4/2017,FNATIC
4/4/2017,HELLRAISERS
4/4/2017,NORTH
4/2/2017,CLOUD9
4/2/2017,OPTIC
4/2/2017,HELLRAISERS
3/30/2017,G2
3/30/2017,FAZE
3/30/2017,G2
3/30/2017,FNATIC
3/30/2017,NORTH
3/30/2017,HELLRAISERS
3/29/2017,ASTRALIS
3/29/2017,ASTRALIS
3/29/2017,NIP
3/29/2017,NATUS VINCERE
3/29/2017,G2
3/29/2017,CLOUD9
3/29/2017,CLOUD9
3/28/2017,SK
3/28/2017,OPTIC
3/28/2017,MOUSESPORTS
3/28/2017,HEROIC
3/28/2017,HELLRAISERS
3/28/2017,NATUS VINCERE
3/27/2017,HELLRAISERS
3/26/2017,FNATIC
3/26/2017,HELLRAISERS
3/23/2017,G2
3/23/2017,FAZE
3/23/2017,ASTRALIS
3/23/2017,G2
3/23/2017,NORTH
3/23/2017,VIRTUS.PRO
3/23/2017,NORTH
3/23/2017,VIRTUS.PRO
3/22/2017,HELLRAISERS
3/22/2017,HELLRAISERS
3/22/2017,NATUS VINCERE
3/22/2017,NORTH
3/21/2017,NIP
3/21/2017,NIP
3/21/2017,HELLRAISERS
3/21/2017,NATUS VINCERE
3/21/2017,HELLRAISERS
3/21/2017,GAMBIT
3/21/2017,NATUS VINCERE
3/20/2017,FNATIC
3/16/2017,ASTRALIS
3/16/2017,FNATIC
3/16/2017,ASTRALIS
3/16/2017,NATUS VINCERE
3/15/2017,NIP
3/15/2017,ASTRALIS
3/15/2017,NIP
3/15/2017,NORTH
3/15/2017,HELLRAISERS
3/15/2017,VIRTUS.PRO
3/15/2017,HEROIC
3/15/2017,FNATIC
3/15/2017,IMMORTALS
3/14/2017,NORTH
3/13/2017,NORTH
3/13/2017,GAMBIT
3/12/2017,GODSENT
3/12/2017,NORTH
3/9/2017,FAZE
3/9/2017,KINGUIN
3/9/2017,MOUSESPORTS
3/9/2017,MOUSESPORTS
3/9/2017,FAZE
3/8/2017,NORTH
3/8/2017,GAMBIT
3/8/2017,NORTH
3/8/2017,IMMORTALS
3/8/2017,CLOUD9
3/7/2017,HEROIC
3/7/2017,G2
3/5/2017,ASTRALIS
3/4/2017,ASTRALIS
3/3/2017,ASTRALIS
3/2/2017,HEROIC
3/2/2017,NATUS VINCERE
3/2/2017,SK
3/2/2017,NORTH
3/2/2017,HEROIC
3/2/2017,VIRTUS.PRO
3/2/2017,NORTH
3/2/2017,VIRTUS.PRO
3/2/2017,SK
3/2/2017,NORTH
3/2/2017,CLOUD9
3/2/2017,HEROIC
3/2/2017,NATUS VINCERE
3/2/2017,CLOUD9
3/2/2017,NATUS VINCERE
3/1/2017,FAZE
3/1/2017,NIP
3/1/2017,ASTRALIS
3/1/2017,FAZE
3/1/2017,ASTRALIS
3/1/2017,FAZE
3/1/2017,FNATIC
3/1/2017,ASTRALIS
3/1/2017,FAZE
3/1/2017,ASTRALIS
3/1/2017,FNATIC
2/23/2017,MOUSESPORTS
2/23/2017,MOUSESPORTS
2/23/2017,OPTIC
2/23/2017,IMMORTALS
2/22/2017,FNATIC
2/22/2017,FLIPSID3
2/20/2017,VIRTUS.PRO
2/19/2017,SK
2/19/2017,VIRTUS.PRO
2/19/2017,SK
2/18/2017,ASTRALIS
2/18/2017,VIRTUS.PRO
2/18/2017,NORTH
2/17/2017,NIP
2/17/2017,VIRTUS.PRO
2/17/2017,NORTH
2/17/2017,SK
2/16/2017,GAMBIT
2/16/2017,ASTRALIS
2/16/2017,MOUSESPORTS
2/15/2017,CLOUD9
2/15/2017,GAMBIT
2/15/2017,OPTIC
2/12/2017,GAMBIT
2/9/2017,VIRTUS.PRO
2/9/2017,GAMBIT
2/9/2017,KINGUIN
2/8/2017,NORTH
2/8/2017,NORTH
2/8/2017,MOUSESPORTS
2/8/2017,VIRTUS.PRO
2/8/2017,FLIPSID3
2/8/2017,NATUS VINCERE
2/8/2017,MOUSESPORTS
2/8/2017,SK
2/8/2017,SK
2/7/2017,ASTRALIS
2/7/2017,MOUSESPORTS
2/7/2017,ASTRALIS
2/7/2017,NATUS VINCERE
2/5/2017,IMMORTALS
2/4/2017,IMMORTALS
2/4/2017,FNATIC
2/4/2017,FNATIC
2/4/2017,G2
1/29/2017,ASTRALIS
1/28/2017,VIRTUS.PRO
1/28/2017,ASTRALIS
1/28/2017,SK
1/28/2017,VIRTUS.PRO
1/27/2017,FNATIC
1/27/2017,ASTRALIS
1/26/2017,ASTRALIS
1/26/2017,FAZE
1/25/2017,NORTH
1/25/2017,GAMBIT
1/25/2017,SK
1/25/2017,GODSENT
1/25/2017,LIQUID
1/25/2017,FNATIC
1/25/2017,NORTH
1/24/2017,OPTIC
1/24/2017,FAZE
1/24/2017,NATUS VINCERE
1/24/2017,ASTRALIS
1/24/2017,VIRTUS.PRO
1/24/2017,NORTH
1/24/2017,ENVY
1/24/2017,FNATIC
1/23/2017,VIRTUS.PRO
1/23/2017,GAMBIT
1/23/2017,ASTRALIS
1/23/2017,FNATIC
1/23/2017,LIQUID
1/23/2017,SK
1/23/2017,NATUS VINCERE
1/23/2017,MOUSESPORTS
1/22/2017,FAZE
1/22/2017,GODSENT
1/22/2017,ENVY
1/22/2017,NATUS VINCERE
1/22/2017,VIRTUS.PRO
1/22/2017,SK
1/22/2017,G2
1/22/2017,GAMBIT
1/16/2017,RENEGADES
1/13/2017,ENVY
1/9/2017,MOUSESPORTS
1/9/2017,FNATIC
12/15/2018,ASTRALIS
12/15/2018,MIBR
12/15/2018,ASTRALIS
12/15/2018,ASTRALIS
12/15/2018,MIBR
12/14/2018,ASTRALIS
12/14/2018,MIBR
12/14/2018,NATUS VINCERE
12/14/2018,ASTRALIS
12/13/2018,ENCE
12/13/2018,ENCE
12/12/2018,OPTIC
12/9/2018,ASTRALIS
12/8/2018,LIQUID
12/8/2018,ASTRALIS
12/7/2018,LIQUID
12/7/2018,MOUSESPORTS
12/6/2018,MIBR
12/6/2018,ASTRALIS
12/5/2018,MOUSESPORTS
12/5/2018,MIBR
12/5/2018,RENEGADES
12/4/2018,LIQUID
12/4/2018,ASTRALIS
12/4/2018,NRG
12/4/2018,HELLRAISERS
12/2/2018,LIQUID
12/2/2018,BIG
12/2/2018,ENCE
12/1/2018,LIQUID
12/1/2018,NRG
12/1/2018,ENCE
11/30/2018,HEROIC
11/30/2018,HEROIC
11/29/2018,LIQUID
11/25/2018,ASTRALIS
11/24/2018,MIBR
11/24/2018,ASTRALIS
11/24/2018,NORTH
11/23/2018,ASTRALIS
11/23/2018,NRG
11/23/2018,NIP
11/22/2018,MIBR
11/22/2018,NORTH
11/22/2018,NIP
11/22/2018,MIBR
11/15/2018,MIBR
11/14/2018,MIBR
11/14/2018,NIP
11/14/2018,HELLRAISERS
11/14/2018,HEROIC
11/14/2018,HELLRAISERS
11/14/2018,MOUSESPORTS
11/14/2018,HEROIC
11/14/2018,G2
11/14/2018,MOUSESPORTS
11/14/2018,MOUSESPORTS
11/14/2018,LDLC
11/14/2018,FNATIC
11/14/2018,OPTIC
11/14/2018,NIP
11/14/2018,LDLC
11/13/2018,NIP
11/13/2018,NIP
11/13/2018,HELLRAISERS
11/13/2018,HEROIC
11/11/2018,ASTRALIS
11/11/2018,LIQUID
11/9/2018,ASTRALIS
11/8/2018,RENEGADES
11/8/2018,RENEGADES
11/8/2018,FAZE
11/8/2018,NIP
11/8/2018,G2
11/8/2018,MOUSESPORTS
11/8/2018,MIBR
11/8/2018,LIQUID
11/8/2018,MIBR
11/7/2018,NRG
11/7/2018,BIG
11/7/2018,FAZE
11/6/2018,ASTRALIS
11/6/2018,MOUSESPORTS
11/6/2018,MIBR
11/6/2018,NORTH
11/4/2018,NRG
11/4/2018,OPTIC
11/4/2018,OPTIC
11/3/2018,NRG
11/3/2018,COMPLEXITY
11/3/2018,NATUS VINCERE
11/3/2018,NATUS VINCERE
11/3/2018,FAZE
11/3/2018,NATUS VINCERE
11/3/2018,ASTRALIS
11/3/2018,NATUS VINCERE
11/3/2018,NIP
11/3/2018,COMPLEXITY
11/2/2018,BIG
11/2/2018,NIP
11/2/2018,FAZE
11/2/2018,ASTRALIS
11/2/2018,NIP
11/2/2018,NRG
11/2/2018,BIG
11/1/2018,HEROIC
11/1/2018,OPTIC
11/1/2018,FAZE
11/1/2018,FAZE
10/31/2018,ASTRALIS
10/31/2018,NIP
10/31/2018,NORTH
10/31/2018,FAZE
10/31/2018,NIP
10/31/2018,NIP
10/31/2018,NATUS VINCERE
10/31/2018,HELLRAISERS
10/30/2018,NORTH
10/30/2018,MOUSESPORTS
10/30/2018,HELLRAISERS
10/30/2018,NIP
10/30/2018,MOUSESPORTS
10/30/2018,NORTH
10/28/2018,FAZE
10/28/2018,FAZE
10/27/2018,FAZE
10/25/2018,NATUS VINCERE
10/23/2018,HELLRAISERS
10/23/2018,ASTRALIS
10/23/2018,ASTRALIS
10/23/2018,NATUS VINCERE
10/23/2018,FAZE
10/22/2018,ASTRALIS
10/22/2018,ASTRALIS
10/22/2018,FAZE
10/22/2018,G2
10/21/2018,COMPLEXITY
10/21/2018,COMPLEXITY
10/21/2018,MOUSESPORTS
10/21/2018,G2
10/21/2018,MOUSESPORTS
10/21/2018,BIG
10/21/2018,MOUSESPORTS
10/21/2018,NORTH
10/21/2018,FAZE
10/21/2018,NORTH
10/21/2018,NATUS VINCERE
10/21/2018,NATUS VINCERE
10/21/2018,MIBR
10/21/2018,MIBR
10/20/2018,BIG
10/20/2018,HEROIC
10/20/2018,ASTRALIS
10/20/2018,ASTRALIS
10/20/2018,NORTH
10/20/2018,NATUS VINCERE
10/20/2018,FAZE
10/20/2018,ASTRALIS
10/20/2018,NATUS VINCERE
10/20/2018,G2
10/19/2018,LIQUID
10/19/2018,COMPLEXITY
10/19/2018,MIBR
10/19/2018,MIBR
10/19/2018,HELLRAISERS
10/19/2018,ASTRALIS
10/19/2018,HELLRAISERS
10/19/2018,NIP
10/19/2018,ASTRALIS
10/19/2018,MOUSESPORTS
10/19/2018,G2
10/19/2018,ASTRALIS
10/19/2018,NORTH
10/19/2018,ASTRALIS
10/19/2018,BIG
10/19/2018,OPTIC
10/19/2018,BIG
10/18/2018,NORTH
10/18/2018,NIP
10/18/2018,OPTIC
10/18/2018,NORTH
10/18/2018,MOUSESPORTS
10/18/2018,NATUS VINCERE
10/18/2018,NATUS VINCERE
10/18/2018,BIG
10/18/2018,NATUS VINCERE
10/18/2018,NIP
10/17/2018,FAZE
10/17/2018,NATUS VINCERE
10/17/2018,NIP
10/17/2018,MOUSESPORTS
10/17/2018,BIG
10/17/2018,NIP
10/17/2018,ASTRALIS
10/17/2018,ASTRALIS
10/17/2018,G2
10/17/2018,G2
10/16/2018,NRG
10/16/2018,NATUS VINCERE
10/16/2018,ASTRALIS
10/16/2018,NATUS VINCERE
10/16/2018,ASTRALIS
10/16/2018,NIP
10/12/2018,NRG
10/12/2018,ENCE
10/11/2018,NORTH
10/11/2018,NORTH
10/10/2018,BIG
10/10/2018,BIG
10/9/2018,MOUSESPORTS
10/9/2018,MOUSESPORTS
10/9/2018,NORTH
10/9/2018,ENCE
10/9/2018,BIG
10/8/2018,NRG
10/8/2018,TYLOO
10/7/2018,GAMBIT
10/7/2018,NORTH
10/7/2018,NORTH
10/7/2018,NRG
10/7/2018,ENCE
10/6/2018,LIQUID
10/6/2018,MIBR
10/6/2018,ASTRALIS
10/6/2018,ASTRALIS
10/5/2018,G2
10/5/2018,ASTRALIS
10/5/2018,G2
10/5/2018,ASTRALIS
10/4/2018,FAZE
10/4/2018,G2
10/4/2018,ASTRALIS
10/4/2018,MOUSESPORTS
10/4/2018,ASTRALIS
10/4/2018,MOUSESPORTS
10/3/2018,COMPLEXITY
10/3/2018,NRG
10/3/2018,BIG
10/3/2018,ASTRALIS
10/3/2018,HELLRAISERS
10/3/2018,FNATIC
10/3/2018,ASTRALIS
10/3/2018,NORTH
10/3/2018,HEROIC
10/3/2018,ASTRALIS
10/3/2018,MOUSESPORTS
10/3/2018,MOUSESPORTS
10/2/2018,BIG
10/2/2018,HEROIC
10/2/2018,NORTH
10/2/2018,HEROIC
10/2/2018,NORTH
10/2/2018,NORTH
10/2/2018,BIG
10/2/2018,HELLRAISERS
9/30/2018,MOUSESPORTS
9/30/2018,HEROIC
9/29/2018,LIQUID
9/29/2018,ASTRALIS
9/29/2018,MOUSESPORTS
9/29/2018,ASTRALIS
9/29/2018,ASTRALIS
9/28/2018,NRG
9/28/2018,MIBR
9/28/2018,GAMBIT
9/28/2018,HEROIC
9/27/2018,LIQUID
9/27/2018,MOUSESPORTS
9/27/2018,NRG
9/26/2018,NATUS VINCERE
9/26/2018,LIQUID
9/26/2018,G2
9/26/2018,MOUSESPORTS
9/26/2018,GAMBIT
9/23/2018,ASTRALIS
9/22/2018,ASTRALIS
9/22/2018,NATUS VINCERE
9/21/2018,ASTRALIS
9/21/2018,LIQUID
9/20/2018,MIBR
9/20/2018,NATUS VINCERE
9/16/2018,MIBR
9/16/2018,FAZE
9/16/2018,HELLRAISERS
9/15/2018,ASTRALIS
9/15/2018,NATUS VINCERE
9/15/2018,FAZE
9/15/2018,NIP
9/15/2018,BIG
9/14/2018,FAZE
9/14/2018,LIQUID
9/14/2018,MIBR
9/14/2018,NATUS VINCERE
9/14/2018,HELLRAISERS
9/14/2018,FNATIC
9/13/2018,MIBR
9/13/2018,NATUS VINCERE
9/13/2018,LIQUID
9/13/2018,ASTRALIS
9/13/2018,BIG
9/12/2018,ASTRALIS
9/12/2018,NIP
9/12/2018,TYLOO
9/12/2018,BIG
9/12/2018,G2
9/9/2018,BIG
9/8/2018,BIG
9/8/2018,HELLRAISERS
9/8/2018,TYLOO
9/7/2018,NORTH
9/7/2018,OPTIC
9/7/2018,HELLRAISERS
9/7/2018,NIP
9/6/2018,OPTIC
9/6/2018,GAMBIT
9/6/2018,LIQUID
9/6/2018,NIP
9/5/2018,LIQUID
9/5/2018,HELLRAISERS
9/5/2018,BIG
9/5/2018,TYLOO
9/5/2018,NIP
9/4/2018,ENCE
9/2/2018,NORTH
9/2/2018,NORTH
9/2/2018,ASTRALIS
9/1/2018,NORTH
9/1/2018,MOUSESPORTS
9/1/2018,ASTRALIS
8/31/2018,MOUSESPORTS
8/31/2018,ASTRALIS
8/30/2018,MIBR
8/30/2018,FAZE
8/30/2018,HELLRAISERS
8/30/2018,NORTH
8/29/2018,NATUS VINCERE
8/29/2018,MIBR
8/29/2018,OPTIC
8/29/2018,MOUSESPORTS
8/29/2018,NIP
8/29/2018,NORTH
8/25/2018,NORTH
8/24/2018,NORTH
8/23/2018,ENCE
8/6/2018,NRG
8/5/2018,NRG
8/1/2018,NRG
7/29/2018,ASTRALIS
7/28/2018,LIQUID
7/28/2018,ASTRALIS
7/25/2018,MOUSESPORTS
7/25/2018,LIQUID
7/24/2018,FNATIC
7/24/2018,MIBR
7/23/2018,NATUS VINCERE
7/23/2018,ASTRALIS
7/22/2018,NATUS VINCERE
7/22/2018,NIP
7/22/2018,NIP
7/22/2018,OPTIC
7/21/2018,LIQUID
7/21/2018,ASTRALIS
7/21/2018,OPTIC
7/20/2018,RENEGADES
7/19/2018,OPTIC
7/18/2018,TYLOO
7/7/2018,NATUS VINCERE
7/6/2018,NATUS VINCERE
7/5/2018,FAZE
7/5/2018,MIBR
7/4/2018,NATUS VINCERE
7/4/2018,FAZE
7/4/2018,NORTH
7/3/2018,NATUS VINCERE
7/3/2018,ASTRALIS
7/3/2018,FNATIC
7/3/2018,MIBR
7/3/2018,MOUSESPORTS
7/3/2018,CLOUD9
7/1/2018,NIP
6/28/2018,SPACE SOLDIERS
6/27/2018,HELLRAISERS
6/27/2018,SPACE SOLDIERS
6/27/2018,OPTIC
6/26/2018,NRG
6/26/2018,GAMBIT
6/26/2018,GAMBIT
6/26/2018,NORTH
6/26/2018,HELLRAISERS
6/17/2018,NORTH
6/17/2018,GAMBIT
6/17/2018,NORTH
6/17/2018,TYLOO
6/16/2018,FAZE
6/16/2018,AGO
6/15/2018,SK
6/14/2018,FAZE
6/14/2018,NATUS VINCERE
6/13/2018,SPACE SOLDIERS
6/10/2018,SK
6/10/2018,ASTRALIS
6/10/2018,VIRTUS.PRO
6/10/2018,ASTRALIS
6/10/2018,LIQUID
6/9/2018,LIQUID
6/9/2018,FNATIC
6/8/2018,NRG
6/8/2018,ASTRALIS
6/8/2018,LIQUID
6/8/2018,ASTRALIS
6/3/2018,SPACE SOLDIERS
6/3/2018,NATUS VINCERE
6/2/2018,NATUS VINCERE
6/2/2018,MOUSESPORTS
6/2/2018,NORTH
6/1/2018,NORTH
5/31/2018,MOUSESPORTS
5/31/2018,RENEGADES
5/31/2018,NIP
5/31/2018,GODSENT
5/30/2018,SK
5/30/2018,AGO
5/30/2018,NATUS VINCERE
5/30/2018,NIP
5/30/2018,NORTH
5/30/2018,RENEGADES
5/29/2018,AGO
5/29/2018,LIQUID
5/29/2018,MOUSESPORTS
5/29/2018,HELLRAISERS
5/29/2018,VIRTUS.PRO
5/28/2018,NIP
5/28/2018,GODSENT
5/28/2018,MOUSESPORTS
5/28/2018,TYLOO
5/28/2018,LIQUID
5/26/2018,GAMBIT
5/26/2018,NORTH
5/26/2018,SPACE SOLDIERS
5/26/2018,GAMBIT
5/25/2018,NORTH
5/25/2018,HELLRAISERS
5/25/2018,HELLRAISERS
5/25/2018,VIRTUS.PRO
5/23/2018,SK
5/21/2018,NORTH
5/21/2018,HELLRAISERS
5/21/2018,NORTH
5/20/2018,ASTRALIS
5/20/2018,GAMBIT
5/19/2018,ASTRALIS
5/19/2018,LIQUID
5/19/2018,GODSENT
5/19/2018,GODSENT
5/18/2018,FAZE
5/18/2018,LIQUID
5/17/2018,ASTRALIS
5/17/2018,NATUS VINCERE
5/17/2018,SK
5/16/2018,ASTRALIS
5/16/2018,MOUSESPORTS
5/15/2018,FAZE
5/15/2018,SK
5/15/2018,FAZE
5/15/2018,AGO
5/12/2018,NIP
5/11/2018,G2
5/11/2018,G2
5/10/2018,SK
5/10/2018,SK
5/10/2018,FAZE
5/10/2018,GODSENT
5/10/2018,FAZE
5/10/2018,GODSENT
5/10/2018,ASTRALIS
5/10/2018,NIP
5/10/2018,FNATIC
5/10/2018,ASTRALIS
5/9/2018,GAMBIT
5/9/2018,GAMBIT
5/9/2018,MOUSESPORTS
5/9/2018,G2
5/6/2018,GODSENT
5/6/2018,FAZE
5/5/2018,ASTRALIS
5/4/2018,AGO
5/4/2018,MOUSESPORTS
5/4/2018,FAZE
5/3/2018,MOUSESPORTS
5/3/2018,ASTRALIS
5/3/2018,FAZE
5/3/2018,G2
5/2/2018,FNATIC
5/2/2018,ASTRALIS
5/1/2018,RENEGADES
5/1/2018,ASTRALIS
4/27/2018,NRG
4/26/2018,SK
4/26/2018,SK
4/26/2018,NIP
4/26/2018,HELLRAISERS
4/26/2018,MOUSESPORTS
4/26/2018,G2
4/26/2018,FAZE
4/26/2018,NORTH
4/26/2018,GODSENT
4/26/2018,NATUS VINCERE
4/26/2018,NIP
4/26/2018,MOUSESPORTS
4/26/2018,FAZE
4/25/2018,G2
4/25/2018,G2
4/25/2018,NATUS VINCERE
4/25/2018,NIP
4/25/2018,NATUS VINCERE
4/25/2018,NIP
4/25/2018,ENVY
4/25/2018,ASTRALIS
4/24/2018,G2
4/24/2018,FAZE
4/24/2018,ASTRALIS
4/24/2018,MOUSESPORTS
4/24/2018,MOUSESPORTS
4/24/2018,ASTRALIS
4/24/2018,HEROIC
4/24/2018,HEROIC
4/22/2018,ASTRALIS
4/22/2018,ASTRALIS
4/22/2018,NATUS VINCERE
4/21/2018,FNATIC
4/21/2018,ASTRALIS
4/21/2018,GAMBIT
4/21/2018,NATUS VINCERE
4/20/2018,GAMBIT
4/20/2018,FNATIC
4/20/2018,MOUSESPORTS
4/19/2018,ASTRALIS
4/19/2018,NATUS VINCERE
4/19/2018,NIP
4/19/2018,CLOUD9
4/18/2018,GAMBIT
4/18/2018,ASTRALIS
4/18/2018,LIQUID
4/18/2018,NATUS VINCERE
4/18/2018,CLOUD9
4/18/2018,NIP
4/14/2018,SPACE SOLDIERS
4/13/2018,SPACE SOLDIERS
4/12/2018,CLOUD9
4/12/2018,CLOUD9
4/12/2018,MOUSESPORTS
4/12/2018,MOUSESPORTS
4/12/2018,HELLRAISERS
4/12/2018,NIP
4/12/2018,NORTH
4/12/2018,SPACE SOLDIERS
4/11/2018,CLOUD9
4/11/2018,SPACE SOLDIERS
4/11/2018,SPACE SOLDIERS
4/11/2018,NATUS VINCERE
4/11/2018,NATUS VINCERE
4/11/2018,FAZE
4/11/2018,FAZE
4/11/2018,HELLRAISERS
4/11/2018,FNATIC
4/11/2018,FAZE
4/11/2018,G2
4/10/2018,RENEGADES
4/10/2018,RENEGADES
4/10/2018,G2
4/10/2018,G2
4/10/2018,MOUSESPORTS
4/10/2018,HEROIC
4/10/2018,VIRTUS.PRO
4/10/2018,NATUS VINCERE
4/10/2018,FNATIC
4/10/2018,G2
4/10/2018,FAZE
4/10/2018,ASTRALIS
4/10/2018,ASTRALIS
4/10/2018,FAZE
4/8/2018,ASTRALIS
4/8/2018,MOUSESPORTS
4/8/2018,HELLRAISERS
4/8/2018,VIRTUS.PRO
4/8/2018,GAMBIT
4/7/2018,FNATIC
4/7/2018,HELLRAISERS
4/7/2018,FNATIC
4/6/2018,FNATIC
4/6/2018,MOUSESPORTS
4/6/2018,FAZE
4/6/2018,FNATIC
4/5/2018,LIQUID
4/5/2018,LIQUID
4/5/2018,LIQUID
4/5/2018,CLOUD9
4/5/2018,NIP
4/5/2018,NIP
4/5/2018,HEROIC
4/5/2018,SPACE SOLDIERS
4/5/2018,ASTRALIS
4/5/2018,NIP
4/5/2018,ASTRALIS
4/5/2018,SPACE SOLDIERS
4/5/2018,NIP
4/5/2018,LIQUID
4/5/2018,NRG
4/4/2018,CLOUD9
4/4/2018,NRG
4/4/2018,SPACE SOLDIERS
4/4/2018,FNATIC
4/4/2018,NATUS VINCERE
4/4/2018,NORTH
4/4/2018,HEROIC
4/4/2018,FAZE
4/4/2018,NRG
4/3/2018,NRG
4/3/2018,CLOUD9
4/3/2018,CLOUD9
4/3/2018,NORTH
4/3/2018,NORTH
4/3/2018,NIP
4/3/2018,GAMBIT
4/3/2018,NIP
4/3/2018,FNATIC
4/3/2018,HELLRAISERS
4/3/2018,MOUSESPORTS
4/3/2018,SPACE SOLDIERS
4/2/2018,SPACE SOLDIERS
3/31/2018,NORTH
3/30/2018,ASTRALIS
3/30/2018,VIRTUS.PRO
3/30/2018,ASTRALIS
3/29/2018,VIRTUS.PRO
3/29/2018,GAMBIT
3/25/2018,ASTRALIS
3/25/2018,ASTRALIS
3/25/2018,MOUSESPORTS
3/25/2018,SPACE SOLDIERS
3/25/2018,FNATIC
3/25/2018,FNATIC
3/25/2018,MOUSESPORTS
3/25/2018,VIRTUS.PRO
3/23/2018,HELLRAISERS
3/23/2018,FAZE
3/23/2018,VIRTUS.PRO
3/23/2018,MOUSESPORTS
3/22/2018,NORTH
3/22/2018,NORTH
3/21/2018,ASTRALIS
3/21/2018,ASTRALIS
3/21/2018,HELLRAISERS
3/21/2018,NIP
3/20/2018,G2
3/20/2018,G2
3/20/2018,ASTRALIS
3/20/2018,HELLRAISERS
3/20/2018,HEROIC
3/20/2018,NIP
3/18/2018,FNATIC
3/16/2018,AGO
3/15/2018,LIQUID
3/15/2018,LIQUID
3/15/2018,HEROIC
3/15/2018,ASTRALIS
3/15/2018,MOUSESPORTS
3/15/2018,ASTRALIS
3/15/2018,NIP
3/15/2018,FAZE
3/15/2018,NIP
3/15/2018,FAZE
3/15/2018,ASTRALIS
3/15/2018,ASTRALIS
3/14/2018,NIP
3/14/2018,MOUSESPORTS
3/14/2018,FAZE
3/14/2018,VIRTUS.PRO
3/14/2018,FAZE
3/14/2018,G2
3/14/2018,MOUSESPORTS
3/14/2018,FNATIC
3/13/2018,G2
3/13/2018,VIRTUS.PRO
3/13/2018,ASTRALIS
3/13/2018,FAZE
3/13/2018,HEROIC
3/13/2018,ASTRALIS
3/13/2018,HEROIC
3/13/2018,ASTRALIS
3/13/2018,MOUSESPORTS
3/13/2018,MOUSESPORTS
3/8/2018,LIQUID
3/8/2018,LIQUID
3/8/2018,HEROIC
3/8/2018,GAMBIT
3/8/2018,SPACE SOLDIERS
3/8/2018,SPACE SOLDIERS
3/8/2018,NIP
3/8/2018,NIP
3/7/2018,GAMBIT
3/7/2018,HEROIC
3/7/2018,HELLRAISERS
3/7/2018,NATUS VINCERE
3/7/2018,NATUS VINCERE
3/6/2018,NATUS VINCERE
3/6/2018,SPACE SOLDIERS
3/6/2018,NORTH
3/6/2018,MOUSESPORTS
3/4/2018,FNATIC
3/3/2018,FNATIC
3/3/2018,FAZE
3/2/2018,LIQUID
3/2/2018,FAZE
3/1/2018,NIP
3/1/2018,FNATIC
3/1/2018,CLOUD9
3/1/2018,ASTRALIS
3/1/2018,NIP
3/1/2018,NORTH
2/28/2018,SK
2/28/2018,FNATIC
2/28/2018,CLOUD9
2/28/2018,FAZE
2/28/2018,HEROIC
2/27/2018,LIQUID
2/27/2018,ASTRALIS
2/27/2018,G2
2/27/2018,FNATIC
2/27/2018,NORTH
2/27/2018,LIQUID
2/27/2018,ASTRALIS
2/25/2018,MOUSESPORTS
2/25/2018,LIQUID
2/25/2018,AGO
2/24/2018,NATUS VINCERE
2/24/2018,MOUSESPORTS
2/23/2018,NATUS VINCERE
2/23/2018,MOUSESPORTS
2/23/2018,FAZE
2/23/2018,LIQUID
2/21/2018,MOUSESPORTS
2/21/2018,NATUS VINCERE
2/21/2018,RENEGADES
2/20/2018,SK
2/20/2018,ASTRALIS
2/20/2018,LIQUID
2/20/2018,HELLRAISERS
2/20/2018,CLOUD9
2/19/2018,FAZE
2/19/2018,G2
2/19/2018,ASTRALIS
2/19/2018,SK
2/19/2018,RENEGADES
2/19/2018,LIQUID
2/18/2018,G2
2/18/2018,FAZE
2/18/2018,MOUSESPORTS
2/18/2018,NATUS VINCERE
2/18/2018,LIQUID
2/18/2018,HEROIC
2/17/2018,ASTRALIS
2/17/2018,MOUSESPORTS
2/17/2018,NATUS VINCERE
2/17/2018,G2
2/17/2018,GAMBIT
2/17/2018,CLOUD9
2/15/2018,NIP
2/15/2018,FNATIC
2/15/2018,NIP
2/15/2018,FNATIC
2/15/2018,NORTH
2/15/2018,HEROIC
2/15/2018,NATUS VINCERE
2/15/2018,HEROIC
2/15/2018,FNATIC
2/15/2018,FAZE
2/15/2018,FNATIC
2/15/2018,FAZE
2/14/2018,G2
2/14/2018,G2
2/14/2018,ASTRALIS
2/14/2018,HELLRAISERS
2/14/2018,HELLRAISERS
2/14/2018,MOUSESPORTS
2/14/2018,NATUS VINCERE
2/14/2018,SPACE SOLDIERS
2/14/2018,NATUS VINCERE
2/14/2018,SPACE SOLDIERS
2/13/2018,CLOUD9
2/13/2018,SK
2/13/2018,ASTRALIS
2/13/2018,ASTRALIS
2/13/2018,HELLRAISERS
2/13/2018,MOUSESPORTS
2/13/2018,NATUS VINCERE
2/13/2018,MOUSESPORTS
2/13/2018,FAZE
2/13/2018,FAZE
2/11/2018,LIQUID
2/11/2018,LIQUID
2/10/2018,LIQUID
2/10/2018,CLOUD9
2/10/2018,HEROIC
2/10/2018,HEROIC
2/9/2018,CLOUD9
2/9/2018,SK
2/9/2018,CLOUD9
2/8/2018,LIQUID
2/8/2018,NORTH
2/5/2018,SK
2/4/2018,GAMBIT
2/4/2018,NORTH
2/3/2018,LIQUID
2/3/2018,NATUS VINCERE
2/3/2018,GAMBIT
2/1/2018,CLOUD9
1/28/2018,CLOUD9
1/28/2018,CLOUD9
1/27/2018,FAZE
1/27/2018,SK
1/26/2018,CLOUD9
1/26/2018,FAZE
1/23/2018,MOUSESPORTS
1/22/2018,CLOUD9
1/22/2018,FNATIC
1/22/2018,NATUS VINCERE
1/22/2018,SK
1/22/2018,VEGA SQUADRON
1/22/2018,CLOUD9
1/21/2018,GAMBIT
1/21/2018,CLOUD9
1/21/2018,FAZE
1/21/2018,FNATIC
1/21/2018,NATUS VINCERE
1/21/2018,MOUSESPORTS
1/20/2018,ASTRALIS
1/20/2018,FNATIC
1/20/2018,SK
1/20/2018,G2
1/20/2018,FAZE
1/20/2018,SPACE SOLDIERS
1/19/2018,SK
1/19/2018,GAMBIT
1/19/2018,G2
1/19/2018,MOUSESPORTS
1/19/2018,FAZE
1/19/2018,VEGA SQUADRON
1/16/2018,NATUS VINCERE
1/15/2018,MOUSESPORTS
1/15/2018,FAZE
1/14/2018,CLOUD9
1/14/2018,LIQUID
1/13/2018,G2
1/13/2018,RENEGADES
1/13/2018,MOUSESPORTS
1/12/2018,CLOUD9
1/12/2018,FAZE
12/22/2019,VITALITY
12/22/2019,MOUSESPORTS
12/21/2019,G2
12/21/2019,EVIL GENIUSES
12/19/2019,FORZE
12/19/2019,FORZE
12/18/2019,MOUSESPORTS
12/18/2019,MOUSESPORTS
12/18/2019,EVIL GENIUSES
12/17/2019,VITALITY
12/16/2019,MOUSESPORTS
12/15/2019,MOUSESPORTS
12/15/2019,MOUSESPORTS
12/14/2019,ASTRALIS
12/14/2019,LIQUID
12/14/2019,FURIA
12/14/2019,FURIA
12/13/2019,MIBR
12/13/2019,MOUSESPORTS
12/13/2019,G2
12/13/2019,G2
12/13/2019,LIQUID
12/13/2019,ASTRALIS
12/13/2019,G2
12/13/2019,MIBR
12/12/2019,ASTRALIS
12/12/2019,NIP
12/8/2019,MOUSESPORTS
12/7/2019,MOUSESPORTS
12/7/2019,FNATIC
12/6/2019,MOUSESPORTS
12/6/2019,FNATIC
12/5/2019,ASTRALIS
12/5/2019,NATUS VINCERE
12/5/2019,FNATIC
12/4/2019,FNATIC
12/4/2019,LIQUID
12/4/2019,100 THIEVES
12/4/2019,ASTRALIS
12/3/2019,FNATIC
12/3/2019,EVIL GENIUSES
12/3/2019,FAZE
12/3/2019,NATUS VINCERE
12/3/2019,100 THIEVES
12/3/2019,EVIL GENIUSES
12/3/2019,MIBR
12/3/2019,NATUS VINCERE
12/1/2019,ASTRALIS
11/30/2019,LIQUID
11/30/2019,ASTRALIS
11/30/2019,FORZE
11/30/2019,CR4ZY
11/30/2019,FNATIC
11/29/2019,EVIL GENIUSES
11/29/2019,NIP
11/29/2019,ASTRALIS
11/28/2019,LIQUID
11/28/2019,FNATIC
11/28/2019,LIQUID
11/28/2019,EVIL GENIUSES
11/24/2019,MOUSESPORTS
11/24/2019,ENCE
11/23/2019,MOUSESPORTS
11/23/2019,MIBR
11/21/2019,ENCE
11/21/2019,EVIL GENIUSES
11/20/2019,MIBR
11/19/2019,100 THIEVES
11/18/2019,FAZE
11/17/2019,FNATIC
11/16/2019,FAZE
11/13/2019,NIP
11/11/2019,FORZE
11/11/2019,CR4ZY
11/10/2019,ASTRALIS
11/9/2019,ASTRALIS
11/9/2019,100 THIEVES
11/8/2019,FAZE
11/8/2019,100 THIEVES
11/8/2019,VITALITY
11/7/2019,CR4ZY
11/7/2019,FORZE
11/7/2019,ASTRALIS
11/7/2019,FAZE
11/7/2019,100 THIEVES
11/6/2019,TRICKED
11/6/2019,AVANGAR
11/2/2019,NATUS VINCERE
11/2/2019,ASTRALIS
11/2/2019,NIP
11/2/2019,ASTRALIS
11/1/2019,NIP
11/1/2019,NATUS VINCERE
10/31/2019,HEROIC
10/31/2019,HEROIC
10/30/2019,FNATIC
10/30/2019,NORTH
10/30/2019,MOUSESPORTS
10/28/2019,TRICKED
10/27/2019,EVIL GENIUSES
10/27/2019,FNATIC
10/26/2019,FURIA
10/26/2019,EVIL GENIUSES
10/26/2019,RENEGADES
10/26/2019,FURIA
10/25/2019,EVIL GENIUSES
10/25/2019,FNATIC
10/25/2019,MIBR
10/25/2019,FURIA
10/24/2019,FORZE
10/24/2019,EVIL GENIUSES
10/24/2019,FNATIC
10/24/2019,G2
10/24/2019,EVIL GENIUSES
10/24/2019,FNATIC
10/24/2019,RENEGADES
10/23/2019,EVIL GENIUSES
10/23/2019,FURIA
10/23/2019,FNATIC
10/23/2019,MIBR
10/23/2019,HEROIC
10/22/2019,G2
10/22/2019,NIP
10/22/2019,G2
10/22/2019,AVANGAR
10/22/2019,NIP
10/21/2019,RENEGADES
10/21/2019,VITALITY
10/21/2019,RENEGADES
10/21/2019,NORTH
10/20/2019,CR4ZY
10/19/2019,NATUS VINCERE
10/16/2019,LIQUID
10/16/2019,ASTRALIS
10/16/2019,TRICKED
10/15/2019,ASTRALIS
10/14/2019,FNATIC
10/13/2019,NIP
10/11/2019,FURIA
10/5/2019,VITALITY
10/4/2019,VITALITY
10/3/2019,NATUS VINCERE
10/3/2019,ASTRALIS
10/3/2019,MOUSESPORTS
10/2/2019,FURIA
10/2/2019,NATUS VINCERE
10/2/2019,LIQUID
10/2/2019,MOUSESPORTS
10/1/2019,VITALITY
10/1/2019,VIRTUS.PRO
10/1/2019,ASTRALIS
10/1/2019,NIP
10/1/2019,OPTIC
10/1/2019,NATUS VINCERE
10/1/2019,G2
9/29/2019,EVIL GENIUSES
9/28/2019,EVIL GENIUSES
9/28/2019,ASTRALIS
9/27/2019,G2
9/27/2019,EVIL GENIUSES
9/26/2019,LIQUID
9/26/2019,EVIL GENIUSES
9/21/2019,HEROIC
9/20/2019,MOUSESPORTS
9/20/2019,MOUSESPORTS
9/20/2019,FORZE
9/19/2019,AVANGAR
9/19/2019,MIBR
9/16/2019,MOUSESPORTS
9/16/2019,MOUSESPORTS
9/14/2019,FURIA
9/14/2019,AVANGAR
9/14/2019,NIP
9/14/2019,MIBR
9/14/2019,AVANGAR
9/14/2019,FORZE
9/14/2019,AVANGAR
9/14/2019,NIP
9/13/2019,FORZE
9/13/2019,MIBR
9/13/2019,NIP
9/13/2019,MIBR
9/12/2019,MOUSESPORTS
9/8/2019,ASTRALIS
9/7/2019,ASTRALIS
9/7/2019,AVANGAR
9/6/2019,ASTRALIS
9/6/2019,NRG
9/5/2019,AVANGAR
9/5/2019,RENEGADES
9/1/2019,NATUS VINCERE
9/1/2019,LIQUID
9/1/2019,RENEGADES
8/31/2019,ASTRALIS
8/31/2019,LIQUID
8/31/2019,VITALITY
8/31/2019,AVANGAR
8/31/2019,NATUS VINCERE
8/30/2019,NRG
8/30/2019,NORTH
8/30/2019,ENCE
8/30/2019,CR4ZY
8/30/2019,G2
8/30/2019,AVANGAR
8/30/2019,MOUSESPORTS
8/29/2019,ASTRALIS
8/29/2019,ENCE
8/29/2019,VITALITY
8/29/2019,NRG
8/29/2019,MOUSESPORTS
8/29/2019,CR4ZY
8/29/2019,NATUS VINCERE
8/28/2019,MIBR
8/28/2019,G2
8/28/2019,FAZE
8/28/2019,VITALITY
8/28/2019,LIQUID
8/28/2019,NRG
8/28/2019,ASTRALIS
8/28/2019,ENCE
8/26/2019,VITALITY
8/24/2019,NORTH
8/24/2019,MOUSESPORTS
8/23/2019,CR4ZY
7/21/2019,LIQUID
7/21/2019,CR4ZY
7/20/2019,LIQUID
7/20/2019,ENCE
7/20/2019,MOUSESPORTS
7/20/2019,CR4ZY
7/19/2019,VITALITY
7/19/2019,MIBR
7/19/2019,MOUSESPORTS
7/19/2019,ENCE
7/19/2019,VITALITY
7/19/2019,NORTH
7/19/2019,NRG
7/18/2019,LIQUID
7/18/2019,ENCE
7/18/2019,HEROIC
7/17/2019,FNATIC
7/15/2019,LIQUID
7/14/2019,FAZE
7/14/2019,FURIA
7/14/2019,LIQUID
7/13/2019,LIQUID
7/13/2019,NRG
7/13/2019,LIQUID
7/13/2019,FAZE
7/13/2019,FAZE
7/12/2019,VITALITY
7/9/2019,G2
7/9/2019,CR4ZY
7/9/2019,CR4ZY
7/7/2019,LIQUID
7/6/2019,LIQUID
7/6/2019,VITALITY
7/5/2019,NATUS VINCERE
7/5/2019,VITALITY
7/4/2019,VITALITY
7/4/2019,ASTRALIS
7/4/2019,NATUS VINCERE
7/4/2019,LIQUID
7/4/2019,VITALITY
7/3/2019,NATUS VINCERE
7/3/2019,NIP
7/3/2019,MOUSESPORTS
7/3/2019,ASTRALIS
7/3/2019,VITALITY
7/2/2019,NRG
7/2/2019,LIQUID
7/2/2019,FURIA
7/2/2019,NIP
7/2/2019,HEROIC
7/2/2019,FNATIC
7/2/2019,FAZE
7/2/2019,NRG
7/2/2019,NATUS VINCERE
6/29/2019,HEROIC
6/25/2019,HEROIC
6/25/2019,HEROIC
6/23/2019,LIQUID
6/22/2019,LIQUID
6/22/2019,G2
6/21/2019,LIQUID
6/21/2019,G2
6/20/2019,MOUSESPORTS
6/20/2019,LIQUID
6/20/2019,NRG
6/20/2019,MIBR
6/19/2019,FAZE
6/18/2019,NRG
6/18/2019,FNATIC
6/18/2019,MOUSESPORTS
6/18/2019,NORTH
6/18/2019,G2
6/18/2019,NRG
6/17/2019,LIQUID
6/13/2019,CR4ZY
6/9/2019,VITALITY
6/8/2019,VITALITY
6/8/2019,FURIA
6/7/2019,FURIA
6/7/2019,ASTRALIS
6/6/2019,NORTH
6/6/2019,NRG
6/6/2019,NORTH
6/6/2019,NRG
6/6/2019,FURIA
6/2/2019,LIQUID
6/1/2019,ENCE
6/1/2019,LIQUID
5/31/2019,FAZE
5/31/2019,FURIA
5/31/2019,ENCE
5/31/2019,G2
5/30/2019,LIQUID
5/30/2019,VITALITY
5/30/2019,G2
5/30/2019,RENEGADES
5/29/2019,FURIA
5/29/2019,ENCE
5/28/2019,LIQUID
5/28/2019,FURIA
5/28/2019,G2
5/28/2019,NORTH
5/26/2019,VITALITY
5/26/2019,LIQUID
5/26/2019,VITALITY
5/26/2019,LIQUID
5/25/2019,NRG
5/25/2019,LIQUID
5/25/2019,LIQUID
5/25/2019,RENEGADES
5/25/2019,VITALITY
5/25/2019,ENCE
5/25/2019,VITALITY
5/24/2019,MIBR
5/24/2019,NRG
5/24/2019,ENCE
5/24/2019,LIQUID
5/24/2019,ENCE
5/24/2019,VITALITY
5/24/2019,VITALITY
5/24/2019,NRG
5/24/2019,NRG
5/24/2019,ENCE
5/23/2019,RENEGADES
5/23/2019,VITALITY
5/23/2019,VITALITY
5/23/2019,NORTH
5/22/2019,FNATIC
5/22/2019,NATUS VINCERE
5/21/2019,FAZE
5/21/2019,NORTH
5/21/2019,AVANGAR
5/19/2019,MOUSESPORTS
5/19/2019,VALIANCE
5/19/2019,MOUSESPORTS
5/18/2019,MOUSESPORTS
5/17/2019,VALIANCE
5/17/2019,VALIANCE
5/16/2019,MIBR
5/16/2019,MIBR
5/16/2019,NIP
5/15/2019,NIP
5/13/2019,MOUSESPORTS
5/11/2019,ENCE
5/11/2019,NIP
5/11/2019,ENCE
5/11/2019,ASTRALIS
5/10/2019,AVANGAR
5/10/2019,NIP
5/10/2019,ASTRALIS
5/10/2019,ENCE
5/9/2019,VITALITY
5/5/2019,VALIANCE
5/5/2019,LIQUID
5/4/2019,FNATIC
5/4/2019,LIQUID
5/3/2019,VITALITY
5/3/2019,FNATIC
5/2/2019,NRG
5/2/2019,LIQUID
5/1/2019,MIBR
5/1/2019,NRG
4/30/2019,NIP
4/30/2019,FNATIC
4/27/2019,VITALITY
4/25/2019,ASTRALIS
4/25/2019,VALIANCE
4/21/2019,G2
4/21/2019,AVANGAR
4/21/2019,NATUS VINCERE
4/21/2019,AVANGAR
4/20/2019,FNATIC
4/20/2019,G2
4/19/2019,G2
4/19/2019,NATUS VINCERE
4/18/2019,LIQUID
4/18/2019,FAZE
4/15/2019,RENEGADES
4/14/2019,VITALITY
4/13/2019,FAZE
4/13/2019,LIQUID
4/13/2019,FAZE
4/13/2019,LIQUID
4/13/2019,FAZE
4/13/2019,LIQUID
4/13/2019,MIBR
4/12/2019,MIBR
4/12/2019,ASTRALIS
4/12/2019,NATUS VINCERE
4/12/2019,LIQUID
4/7/2019,WINDIGO
4/7/2019,VALIANCE
4/7/2019,NATUS VINCERE
4/6/2019,FNATIC
4/6/2019,NATUS VINCERE
4/6/2019,NATUS VINCERE
4/5/2019,RENEGADES
4/5/2019,FNATIC
4/5/2019,NRG
4/3/2019,NORTH
4/3/2019,NRG
4/2/2019,ENCE
4/2/2019,NATUS VINCERE
4/2/2019,NORTH
4/1/2019,RENEGADES
4/1/2019,FNATIC
4/1/2019,NRG
4/1/2019,NATUS VINCERE
3/31/2019,VITALITY
3/31/2019,FNATIC
3/31/2019,RENEGADES
3/31/2019,NATUS VINCERE
3/31/2019,NIP
3/30/2019,VITALITY
3/30/2019,FNATIC
3/30/2019,NRG
3/24/2019,G2
3/23/2019,ASTRALIS
3/23/2019,LIQUID
3/23/2019,ASTRALIS
3/23/2019,NIP
3/23/2019,ASTRALIS
3/23/2019,ENCE
3/23/2019,LIQUID
3/23/2019,ASTRALIS
3/23/2019,LIQUID
3/23/2019,ENCE
3/23/2019,WINDIGO
3/22/2019,ASTRALIS
3/22/2019,FAZE
3/22/2019,LIQUID
3/22/2019,ASTRALIS
3/22/2019,ENCE
3/22/2019,NIP
3/22/2019,WINDIGO
3/21/2019,NRG
3/21/2019,NORTH
3/19/2019,NORTH
3/17/2019,G2
3/15/2019,VITALITY
3/14/2019,ASTRALIS
3/13/2019,NIP
3/12/2019,ASTRALIS
3/11/2019,AVANGAR
3/6/2019,VALIANCE
3/6/2019,AVANGAR
3/4/2019,VALIANCE
3/3/2019,ASTRALIS
3/2/2019,ENCE
3/1/2019,ASTRALIS
2/28/2019,ENCE
2/28/2019,NATUS VINCERE
2/24/2019,FAZE
2/24/2019,NIP
2/24/2019,ENCE
2/23/2019,ENCE
2/22/2019,MIBR
2/22/2019,NATUS VINCERE
2/22/2019,RENEGADES
2/21/2019,LIQUID
2/21/2019,ASTRALIS
2/21/2019,ENCE
2/21/2019,VITALITY
2/21/2019,AVANGAR
2/21/2019,MIBR
2/20/2019,LIQUID
2/20/2019,NATUS VINCERE
2/20/2019,ASTRALIS
2/20/2019,RENEGADES
2/20/2019,AVANGAR
2/20/2019,G2
2/20/2019,CLOUD9
2/20/2019,NIP
2/20/2019,LIQUID
2/20/2019,NATUS VINCERE
2/20/2019,RENEGADES
2/20/2019,VITALITY
2/16/2019,G2
2/14/2019,RENEGADES
2/14/2019,AVANGAR
2/13/2019,RENEGADES
2/13/2019,ENCE
2/13/2019,ENCE
2/13/2019,RENEGADES
2/8/2019,BIG
2/7/2019,NORTH
2/6/2019,BIG
2/6/2019,BIG
2/3/2019,VITALITY
2/3/2019,HELLRAISERS
2/2/2019,BIG
1/28/2019,FAZE
1/27/2019,FAZE
1/26/2019,CLOUD9
1/25/2019,CLOUD9
1/21/2019,LIQUID
1/21/2019,ASTRALIS
1/20/2019,LIQUID
1/20/2019,GHOST
1/20/2019,FNATIC
1/20/2019,LIQUID
1/20/2019,GHOST
1/20/2019,ASTRALIS
1/19/2019,CLOUD9
1/19/2019,ENCE
1/17/2019,MOUSESPORTS
12/20/2020,ASTRALIS
12/19/2020,LIQUID
12/19/2020,ASTRALIS
12/18/2020,LIQUID
12/18/2020,ASTRALIS
12/17/2020,NATUS VINCERE
12/17/2020,FURIA
12/16/2020,BIG
12/16/2020,VITALITY
12/16/2020,LIQUID
12/15/2020,NATUS VINCERE
12/15/2020,ASTRALIS
12/15/2020,BIG
12/13/2020,VITALITY
12/13/2020,ASTRALIS
12/12/2020,VIRTUS.PRO
12/12/2020,ASTRALIS
12/12/2020,VITALITY
12/11/2020,NATUS VINCERE
12/11/2020,ASTRALIS
12/10/2020,BIG
12/10/2020,VITALITY
12/10/2020,FURIA
12/9/2020,ASTRALIS
12/9/2020,BIG
12/9/2020,G2
12/8/2020,NATUS VINCERE
12/8/2020,VITALITY
12/6/2020,VIRTUS.PRO
12/6/2020,ASTRALIS
12/6/2020,OG
12/5/2020,VIRTUS.PRO
12/4/2020,OG
12/4/2020,ASTRALIS
12/4/2020,FURIA
12/3/2020,ASTRALIS
12/3/2020,VIRTUS.PRO
12/3/2020,COMPLEXITY
12/2/2020,FURIA
12/2/2020,ASTRALIS
12/1/2020,HEROIC
12/1/2020,GAMBIT
11/30/2020,MOUSESPORTS
11/30/2020,SPIRIT
11/29/2020,GAMBIT
11/29/2020,FURIA
11/27/2020,MOUSESPORTS
11/27/2020,FURIA
11/24/2020,VIRTUS.PRO
11/24/2020,COMPLEXITY
11/22/2020,VITALITY
11/21/2020,CHAOS
11/21/2020,OG
11/21/2020,VITALITY
11/21/2020,NATUS VINCERE
11/20/2020,VITALITY
11/20/2020,COMPLEXITY
11/19/2020,NATUS VINCERE
11/19/2020,G2
11/16/2020,BIG
11/16/2020,G2
11/14/2020,ASTRALIS
11/14/2020,HEROIC
11/13/2020,MOUSESPORTS
11/12/2020,NIP
11/11/2020,NATUS VINCERE
11/10/2020,SPIRIT
11/8/2020,LIQUID
11/8/2020,COMPLEXITY
11/8/2020,FAZE
11/7/2020,COMPLEXITY
11/6/2020,FAZE
11/6/2020,VITALITY
11/4/2020,G2
11/3/2020,ASTRALIS
11/2/2020,G2
11/1/2020,GODSENT
10/31/2020,VITALITY
10/31/2020,SPIRIT
10/31/2020,BIG
10/30/2020,COMPLEXITY
10/30/2020,VITALITY
10/29/2020,VITALITY
10/28/2020,OG
10/28/2020,NATUS VINCERE
10/27/2020,NIP
10/27/2020,OG
10/26/2020,OG
10/26/2020,NATUS VINCERE
10/25/2020,HEROIC
10/24/2020,HEROIC
10/24/2020,OG
10/24/2020,BIG
10/24/2020,HEROIC
10/23/2020,VITALITY
10/23/2020,GODSENT
10/23/2020,NIP
10/23/2020,HEROIC
10/22/2020,FAZE
10/22/2020,NIP
10/22/2020,HEROIC
10/22/2020,VITALITY
10/21/2020,NIP
10/21/2020,OG
10/21/2020,ASTRALIS
10/20/2020,SPROUT
10/20/2020,VITALITY
10/19/2020,BIG
10/18/2020,FURIA
10/17/2020,NIP
10/17/2020,FNATIC
10/17/2020,G2
10/16/2020,FURIA
10/16/2020,ASTRALIS
10/16/2020,VITALITY
10/16/2020,OG
10/16/2020,NIP
10/15/2020,FURIA
10/15/2020,ASTRALIS
10/15/2020,FNATIC
10/15/2020,BIG
10/15/2020,SPROUT
10/15/2020,VITALITY
10/11/2020,100 THIEVES
10/11/2020,FAZE
10/10/2020,FAZE
10/10/2020,OG
10/9/2020,LIQUID
10/9/2020,FURIA
10/9/2020,FAZE
10/9/2020,FNATIC
10/8/2020,CHAOS
10/8/2020,OG
10/8/2020,VITALITY
10/7/2020,BIG
10/7/2020,FNATIC
10/6/2020,FAZE
10/6/2020,OG
10/6/2020,VITALITY
10/6/2020,COMPLEXITY
10/4/2020,ASTRALIS
10/3/2020,ASTRALIS
10/2/2020,NATUS VINCERE
10/2/2020,ASTRALIS
10/1/2020,HEROIC
10/1/2020,NATUS VINCERE
10/1/2020,ASTRALIS
9/30/2020,HEROIC
9/29/2020,BIG
9/27/2020,FURIA
9/26/2020,100 THIEVES
9/25/2020,100 THIEVES
9/24/2020,FURIA
9/22/2020,EVIL GENIUSES
9/20/2020,LIQUID
9/20/2020,100 THIEVES
9/19/2020,FURIA
9/19/2020,FAZE
9/19/2020,FNATIC
9/19/2020,ASTRALIS
9/19/2020,BIG
9/19/2020,HEROIC
9/19/2020,NATUS VINCERE
9/18/2020,ASTRALIS
9/17/2020,COMPLEXITY
9/17/2020,NATUS VINCERE
9/16/2020,BIG
9/16/2020,FURIA
9/16/2020,OG
9/15/2020,ASTRALIS
9/15/2020,VITALITY
9/15/2020,SPIRIT
9/13/2020,FURIA
9/13/2020,NATUS VINCERE
9/12/2020,BIG
9/12/2020,EVIL GENIUSES
9/12/2020,VITALITY
9/11/2020,ASTRALIS
9/11/2020,COMPLEXITY
9/11/2020,SPIRIT
9/10/2020,ENCE
9/10/2020,HEROIC
9/9/2020,NIP
9/9/2020,COMPLEXITY
9/8/2020,FNATIC
9/8/2020,HEROIC
9/6/2020,LIQUID
9/6/2020,NATUS VINCERE
9/6/2020,SPIRIT
9/5/2020,COMPLEXITY
9/4/2020,EVIL GENIUSES
9/4/2020,BIG
9/3/2020,FNATIC
9/2/2020,VITALITY
9/1/2020,LIQUID
9/1/2020,G2
8/30/2020,HEROIC
8/29/2020,EVIL GENIUSES
8/29/2020,VITALITY
8/29/2020,HEROIC
8/28/2020,EVIL GENIUSES
8/28/2020,NIP
8/28/2020,G2
8/27/2020,HEROIC
8/26/2020,VITALITY
8/25/2020,FURIA
8/25/2020,HEROIC
8/25/2020,NIP
8/23/2020,G2
8/23/2020,COMPLEXITY
8/22/2020,FURIA
8/21/2020,EVIL GENIUSES
8/21/2020,FAZE
8/20/2020,NIP
8/19/2020,G2
8/19/2020,NATUS VINCERE
8/18/2020,100 THIEVES
8/18/2020,OG
8/16/2020,FURIA
8/16/2020,BIG
8/15/2020,HEROIC
8/15/2020,BIG
8/15/2020,HEROIC
8/12/2020,COMPLEXITY
8/11/2020,BIG
8/9/2020,OG
7/5/2020,EVIL GENIUSES
7/5/2020,BIG
7/4/2020,GEN.G
7/3/2020,EVIL GENIUSES
7/3/2020,VITALITY
7/2/2020,GEN.G
7/2/2020,CLOUD9
7/1/2020,EVIL GENIUSES
7/1/2020,G2
7/1/2020,BIG
6/30/2020,LIQUID
6/30/2020,ENCE
6/29/2020,FNATIC
6/28/2020,GEN.G
6/28/2020,LIQUID
6/28/2020,NATUS VINCERE
6/28/2020,BIG
6/28/2020,FNATIC
6/27/2020,100 THIEVES
6/27/2020,EVIL GENIUSES
6/26/2020,FURIA
6/26/2020,FNATIC
6/25/2020,CLOUD9
6/25/2020,EVIL GENIUSES
6/25/2020,BIG
6/24/2020,LIQUID
6/24/2020,G2
6/22/2020,BIG
6/21/2020,EVIL GENIUSES
6/21/2020,COMPLEXITY
6/21/2020,VITALITY
6/20/2020,EVIL GENIUSES
6/20/2020,VITALITY
6/20/2020,COMPLEXITY
6/19/2020,MIBR
6/19/2020,VITALITY
6/19/2020,NATUS VINCERE
6/18/2020,FURIA
6/18/2020,FAZE
6/18/2020,COMPLEXITY
6/17/2020,EVIL GENIUSES
6/17/2020,G2
6/16/2020,MIBR
6/16/2020,NATUS VINCERE
6/15/2020,FAZE
6/15/2020,VITALITY
6/15/2020,NIP
6/14/2020,FURIA
6/13/2020,LIQUID
6/13/2020,LIQUID
6/12/2020,CLOUD9
6/12/2020,LIQUID
6/12/2020,FAZE
6/11/2020,FURIA
6/11/2020,FAZE
6/11/2020,NATUS VINCERE
6/10/2020,NIP
6/10/2020,MAD LIONS
6/9/2020,G2
6/9/2020,NIP
6/8/2020,MAD LIONS
6/8/2020,FNATIC
6/7/2020,EVIL GENIUSES
6/7/2020,VITALITY
6/6/2020,MIBR
6/6/2020,FURIA
6/6/2020,VITALITY
6/5/2020,MIBR
6/5/2020,MOUSESPORTS
6/4/2020,CLOUD9
6/4/2020,MAD LIONS
6/3/2020,GEN.G
6/3/2020,EVIL GENIUSES
6/3/2020,VITALITY
6/3/2020,FNATIC
6/2/2020,FURIA
6/2/2020,NIP
6/1/2020,EVIL GENIUSES
6/1/2020,MIBR
6/1/2020,MAD LIONS
6/1/2020,NIP
5/31/2020,NATUS VINCERE
5/30/2020,100 THIEVES
5/30/2020,CLOUD9
5/30/2020,MOUSESPORTS
5/30/2020,SPIRIT
5/30/2020,NATUS VINCERE
5/29/2020,EVIL GENIUSES
5/29/2020,OG
5/29/2020,NATUS VINCERE
5/29/2020,FAZE
5/28/2020,100 THIEVES
5/28/2020,VITALITY
5/27/2020,GEN.G
5/27/2020,FAZE
5/27/2020,NATUS VINCERE
5/26/2020,100 THIEVES
5/26/2020,FNATIC
5/26/2020,FAZE
5/25/2020,CLOUD9
5/25/2020,FAZE
5/25/2020,SPIRIT
5/24/2020,MAD LIONS
5/23/2020,LIQUID
5/21/2020,FURIA
5/21/2020,G2
5/20/2020,FURIA
5/17/2020,ASTRALIS
5/16/2020,G2
5/15/2020,ASTRALIS
5/15/2020,G2
5/14/2020,VITALITY
5/13/2020,ASTRALIS
5/13/2020,FAZE
5/12/2020,VITALITY
5/10/2020,CLOUD9
5/9/2020,FURIA
5/9/2020,NIP
5/8/2020,GODSENT
5/7/2020,LIQUID
5/5/2020,FAZE
5/3/2020,FURIA
5/3/2020,MOUSESPORTS
5/3/2020,VIRTUS.PRO
5/2/2020,VITALITY
5/2/2020,SPIRIT
5/1/2020,FURIA
5/1/2020,FAZE
4/30/2020,ASTRALIS
4/28/2020,ASTRALIS
4/26/2020,FAZE
4/25/2020,LIQUID
4/25/2020,FNATIC
4/24/2020,100 THIEVES
4/23/2020,G2
4/22/2020,NIP
4/20/2020,SPIRIT
4/19/2020,FORZE
4/19/2020,MAD LIONS
4/19/2020,FORZE
4/18/2020,GODSENT
4/14/2020,MIBR
4/12/2020,LIQUID
4/12/2020,FNATIC
4/11/2020,EVIL GENIUSES
4/11/2020,MOUSESPORTS
4/11/2020,BIG
4/10/2020,LIQUID
4/9/2020,FURIA
4/9/2020,FNATIC
4/9/2020,FAZE
4/9/2020,ASTRALIS
4/8/2020,ASTRALIS
4/8/2020,NATUS VINCERE
4/8/2020,FNATIC
4/7/2020,ASTRALIS
4/7/2020,MOUSESPORTS
4/7/2020,OG
4/6/2020,MOUSESPORTS
4/6/2020,NATUS VINCERE
4/6/2020,FNATIC
4/5/2020,MOUSESPORTS
4/5/2020,NATUS VINCERE
4/5/2020,FNATIC
4/4/2020,OG
4/4/2020,FNATIC
4/3/2020,LIQUID
4/3/2020,FURIA
4/3/2020,MOUSESPORTS
4/3/2020,FAZE
4/2/2020,VIRTUS.PRO
4/1/2020,EVIL GENIUSES
4/1/2020,G2
3/31/2020,MOUSESPORTS
3/31/2020,OG
3/30/2020,FAZE
3/29/2020,FURIA
3/29/2020,G2
3/29/2020,OG
3/28/2020,LIQUID
3/28/2020,MOUSESPORTS
3/27/2020,100 THIEVES
3/24/2020,ASTRALIS
3/24/2020,NATUS VINCERE
3/23/2020,NATUS VINCERE
3/23/2020,MAD LIONS
3/22/2020,VITALITY
3/21/2020,COMPLEXITY
3/20/2020,NIP
3/19/2020,FNATIC
3/19/2020,BIG
3/18/2020,ASTRALIS
3/17/2020,BIG
3/16/2020,NIP
3/8/2020,GODSENT
3/7/2020,COMPLEXITY
3/1/2020,NATUS VINCERE
2/29/2020,NATUS VINCERE
2/29/2020,G2
2/28/2020,NATUS VINCERE
2/28/2020,FNATIC
2/27/2020,100 THIEVES
2/27/2020,NATUS VINCERE
2/27/2020,G2
2/27/2020,ASTRALIS
2/27/2020,100 THIEVES
2/27/2020,MOUSESPORTS
2/26/2020,LIQUID
2/26/2020,FAZE
2/26/2020,G2
2/26/2020,NATUS VINCERE
2/26/2020,MAD LIONS
2/25/2020,FNATIC
2/25/2020,ASTRALIS
2/25/2020,EVIL GENIUSES
2/25/2020,LIQUID
2/24/2020,G2
2/24/2020,NATUS VINCERE
2/24/2020,VITALITY
2/24/2020,ASTRALIS
2/23/2020,MIBR
2/15/2020,EVIL GENIUSES
2/14/2020,G2
2/9/2020,NATUS VINCERE
2/8/2020,NATUS VINCERE
2/7/2020,VITALITY
2/6/2020,MOUSESPORTS
2/5/2020,MOUSESPORTS
2/2/2020,FAZE
2/2/2020,LIQUID
2/2/2020,MAD LIONS
2/2/2020,MOUSESPORTS
2/1/2020,FAZE
2/1/2020,NIP
2/1/2020,MOUSESPORTS
2/1/2020,VIRTUS.PRO
1/31/2020,LIQUID
1/31/2020,FAZE
1/25/2020,CLOUD9
1/24/2020,MAD LIONS
1/19/2020,FORZE
1/19/2020,FORZE
1/10/2020,CLOUD9
